BOOKING_ID,SEAT_NUMBER,BOOKING_DATE,PASSENGER_ID,FLIGHT_ID
1,602-T,2023-09-11 07:50:58,80,865
2,599-L,2024-01-01 14:24:02,741,158
3,689-S,2024-01-23 03:18:41,591,70
4,131-I,2024-01-26 17:10:00,104,248
5,349-J,2024-03-02 06:02:13,976,830
6,468-A,2024-03-12 09:42:00,13,670
7,535-Z,2024-04-21 08:13:08,741,722
8,981-P,2023-05-23 19:34:48,498,506
9,133-S,2023-11-29 20:12:02,145,120
10,207-V,2023-10-20 09:39:15,193,564
11,290-E,2023-07-30 22:17:57,602,467
12,569-M,2023-07-29 03:48:56,490,473
13,205-A,2024-05-13 23:41:40,31,716
14,314-B,2024-03-04 00:50:32,793,965
15,644-I,2024-01-01 03:45:59,894,354
16,887-A,2024-04-16 09:46:57,471,754
17,647-P,2024-04-19 11:00:30,246,897
18,452-A,2024-04-25 21:33:12,168,661
19,629-N,2024-03-16 21:22:51,405,97
20,252-A,2024-05-17 10:23:17,558,571
21,378-J,2024-02-01 11:03:08,989,947
22,849-C,2024-02-27 23:50:23,376,161
23,836-E,2024-04-09 21:55:47,204,863
24,671-A,2023-09-07 07:11:41,597,905
25,552-H,2023-09-14 02:40:37,916,946
26,366-J,2023-11-14 19:58:32,339,465
27,023-I,2023-07-25 11:42:19,835,430
28,321-L,2024-04-23 12:29:32,663,908
29,270-V,2024-05-01 00:19:45,283,881
30,555-J,2023-06-14 10:10:35,634,531
31,216-Z,2023-11-16 21:14:32,842,548
32,697-J,2023-08-10 09:11:22,467,952
33,871-T,2024-03-28 15:52:32,743,818
34,235-H,2023-07-15 14:53:53,612,936
35,679-C,2024-01-14 23:17:09,330,87
36,081-I,2023-07-12 22:32:34,827,158
37,863-P,2023-10-02 04:49:19,579,104
38,575-A,2024-01-03 04:47:54,274,521
39,751-V,2023-06-16 08:09:20,369,704
40,615-Z,2023-07-13 16:22:59,296,590
41,870-V,2023-11-11 17:20:46,142,452
42,519-B,2023-06-21 23:29:45,941,114
43,446-H,2023-07-20 22:35:05,612,466
44,863-N,2023-11-07 06:28:32,230,486
45,004-S,2023-12-29 12:15:45,710,434
46,497-E,2024-01-18 21:50:04,680,936
47,949-K,2024-04-19 21:04:43,726,7
48,243-Z,2024-01-17 14:46:08,328,761
49,124-W,2024-05-14 13:11:15,856,195
50,617-I,2024-04-15 23:24:12,664,147
51,976-W,2024-05-18 00:44:12,781,62
52,762-Z,2023-07-11 13:34:02,246,650
53,783-A,2024-02-07 13:26:54,236,797
54,479-J,2023-10-28 12:48:49,344,73
55,754-W,2023-08-06 03:06:54,863,881
56,252-F,2024-01-13 20:55:40,396,375
57,480-R,2024-02-11 09:25:16,485,889
58,394-C,2024-04-04 09:18:20,591,764
59,036-D,2024-02-17 17:09:46,111,911
60,190-C,2023-07-11 13:28:54,230,447
61,379-J,2024-02-16 03:46:22,171,135
62,274-J,2024-02-27 15:44:20,736,956
63,724-W,2024-03-19 03:45:54,316,667
64,440-G,2024-01-27 19:29:03,844,87
65,125-K,2023-10-12 23:44:52,215,797
66,599-O,2024-03-07 13:44:26,550,191
67,044-L,2024-03-03 01:20:54,592,787
68,426-R,2024-04-16 01:57:54,479,644
69,315-U,2023-10-10 09:08:57,70,911
70,481-T,2023-11-27 22:59:07,120,340
71,805-B,2024-04-11 22:48:46,168,5
72,660-O,2024-03-06 19:08:27,512,914
73,704-E,2024-04-09 14:44:47,801,28
74,405-F,2024-04-05 04:38:15,637,266
75,496-W,2024-04-23 05:52:43,411,774
76,899-Q,2023-09-05 18:27:45,828,933
77,241-X,2023-09-22 10:13:11,320,309
78,671-S,2023-09-28 16:41:35,574,952
79,257-U,2024-03-09 10:54:16,358,829
80,832-R,2023-06-06 12:58:34,794,28
81,268-B,2023-12-18 03:40:23,728,631
82,530-B,2023-07-17 07:19:35,802,98
83,157-K,2024-04-22 11:39:39,664,679
84,254-F,2023-08-04 08:40:36,817,962
85,780-C,2023-05-30 18:24:37,91,436
86,515-F,2023-10-25 21:43:08,521,208
87,632-L,2024-02-14 07:54:09,757,984
88,777-V,2024-04-04 04:11:06,412,110
89,733-W,2023-07-14 19:21:18,714,996
90,631-R,2023-09-18 11:03:24,835,736
91,038-Q,2023-05-30 14:51:14,250,842
92,991-J,2023-11-06 21:00:46,585,266
93,549-L,2023-07-07 08:24:18,216,427
94,946-K,2023-11-17 18:29:01,268,544
95,270-A,2023-10-24 23:45:56,324,476
96,822-Y,2023-11-12 10:41:41,537,669
97,254-B,2023-07-02 11:34:04,360,645
98,037-G,2024-02-02 12:30:32,766,663
99,362-X,2024-01-27 09:19:51,879,795
100,196-T,2023-08-28 11:37:47,92,982
101,074-B,2024-05-13 09:15:18,850,905
102,210-K,2023-08-07 14:51:00,647,897
103,736-X,2023-10-04 06:32:07,531,391
104,126-X,2023-05-29 13:34:37,29,936
105,440-D,2024-04-30 04:22:52,353,940
106,373-N,2023-07-05 21:46:58,645,356
107,968-W,2024-04-02 01:23:03,98,410
108,523-J,2023-06-26 23:06:14,638,823
109,203-X,2023-06-29 06:45:37,773,491
110,606-F,2024-02-04 22:26:28,150,184
111,482-V,2023-11-21 17:16:40,737,784
112,550-M,2023-12-28 18:30:39,755,269
113,769-Z,2023-07-20 04:13:42,992,592
114,384-C,2023-09-20 23:43:47,273,514
115,239-U,2023-10-12 03:39:11,784,130
116,583-V,2023-09-14 13:20:34,268,493
117,440-H,2024-05-08 05:57:27,554,530
118,916-E,2024-02-23 01:22:18,766,49
119,978-U,2024-01-13 14:54:29,114,345
120,155-E,2024-05-02 18:03:07,990,405
121,963-E,2024-04-06 19:52:38,976,946
122,054-T,2024-04-14 22:02:11,116,957
123,056-Q,2023-07-28 16:36:44,761,454
124,501-D,2024-01-11 03:35:50,15,445
125,371-L,2023-07-21 10:26:19,488,341
126,414-S,2024-03-10 13:07:52,887,923
127,779-R,2023-12-04 20:29:58,280,961
128,801-M,2024-05-06 15:15:16,920,224
129,587-P,2023-09-20 03:09:30,965,797
130,068-L,2024-05-16 01:20:05,221,975
131,258-M,2024-04-09 15:07:08,270,812
132,985-V,2024-03-19 14:19:22,257,995
133,984-Y,2024-02-22 10:13:50,291,480
134,442-C,2024-05-03 10:50:21,597,891
135,432-E,2024-03-01 17:24:28,318,149
136,792-E,2023-08-15 04:47:39,448,109
137,167-H,2024-05-20 21:15:14,430,394
138,422-D,2024-03-22 00:51:27,399,890
139,534-X,2023-07-30 04:43:19,807,951
140,744-Z,2023-10-16 05:39:42,191,432
141,614-G,2023-05-30 11:06:03,411,665
142,402-M,2024-02-26 15:33:43,721,676
143,702-W,2024-01-19 18:07:31,155,546
144,851-K,2023-10-08 18:29:24,397,152
145,091-B,2023-05-26 16:04:35,876,744
146,842-X,2023-12-07 21:21:23,853,549
147,789-I,2024-01-31 03:29:25,325,239
148,821-R,2023-09-22 20:02:03,808,774
149,497-G,2024-04-18 21:21:15,146,910
150,561-E,2023-10-20 15:28:37,973,800
151,007-L,2024-02-06 19:41:40,339,374
152,672-U,2024-05-10 05:28:32,342,531
153,035-R,2023-11-25 08:03:35,131,978
154,626-D,2024-01-15 10:42:30,137,475
155,085-P,2023-08-22 12:34:43,125,189
156,472-N,2023-09-04 08:48:49,438,230
157,572-F,2024-01-11 08:25:05,553,665
158,608-C,2023-06-17 16:39:40,495,461
159,143-S,2023-09-19 02:46:47,629,907
160,237-Y,2023-05-31 21:38:49,329,358
161,154-K,2023-11-09 05:03:20,551,696
162,935-Q,2024-05-18 18:03:19,99,460
163,255-B,2023-06-25 23:17:35,781,878
164,738-R,2024-01-09 12:22:14,375,943
165,015-K,2023-07-15 19:01:31,827,948
166,774-I,2024-05-02 11:18:30,469,14
167,539-N,2023-08-31 06:51:26,719,5
168,214-B,2023-07-27 07:16:03,468,395
169,430-N,2024-02-01 09:36:57,444,790
170,752-Y,2023-12-18 00:32:17,406,372
171,008-H,2023-09-04 03:13:16,299,603
172,602-D,2023-09-11 22:24:37,914,306
173,565-D,2023-10-18 23:21:45,553,770
174,512-T,2023-07-04 15:53:36,252,678
175,280-D,2023-06-22 06:47:29,34,430
176,485-M,2023-07-29 18:35:38,991,169
177,675-D,2023-12-19 09:00:03,253,379
178,425-M,2024-01-30 21:11:45,628,887
179,989-T,2024-01-22 11:49:47,565,876
180,819-O,2024-03-12 20:29:27,421,108
181,448-R,2023-07-18 07:10:28,369,679
182,203-C,2023-07-14 06:35:10,865,826
183,592-G,2024-01-15 16:46:17,88,459
184,106-V,2024-03-27 07:58:32,593,442
185,123-Q,2023-06-06 02:31:43,619,214
186,735-G,2024-04-27 12:07:30,575,645
187,972-S,2023-12-05 14:54:06,757,124
188,294-M,2024-03-12 20:02:44,825,128
189,641-V,2024-04-11 11:10:35,231,698
190,745-X,2024-02-13 11:45:32,837,53
191,718-W,2024-01-25 09:36:06,286,582
192,046-J,2024-01-28 06:39:35,555,415
193,784-R,2024-04-11 08:43:23,6,661
194,725-O,2023-11-23 03:18:58,220,579
195,055-Z,2023-07-01 13:58:18,127,99
196,110-E,2023-07-19 02:09:56,384,144
197,703-L,2023-11-04 23:37:56,291,707
198,706-O,2024-04-24 16:19:57,795,389
199,942-W,2024-05-03 10:15:31,217,99
200,176-A,2023-10-25 16:32:59,798,145
201,077-F,2023-07-29 15:33:23,272,444
202,080-B,2023-06-11 20:20:59,974,851
203,359-R,2023-06-27 15:28:19,487,668
204,947-H,2023-08-01 23:23:26,56,412
205,104-V,2023-10-28 10:52:42,86,180
206,982-V,2023-09-17 20:32:29,305,173
207,848-E,2023-06-23 06:31:51,91,492
208,481-O,2023-06-18 14:36:10,761,2
209,621-U,2023-11-22 07:10:29,319,976
210,612-A,2023-05-26 20:45:25,457,89
211,487-B,2023-07-25 11:48:29,509,767
212,897-E,2024-02-13 13:49:38,303,122
213,445-D,2023-06-04 02:39:54,240,959
214,143-O,2023-09-11 00:42:39,978,507
215,702-Y,2023-08-08 09:13:02,841,600
216,163-B,2024-02-24 23:15:53,186,528
217,456-U,2023-06-18 04:53:36,271,581
218,028-E,2023-08-30 23:49:33,19,708
219,571-B,2024-04-20 22:15:58,670,517
220,829-P,2024-04-25 20:59:06,277,898
221,775-Y,2024-01-16 06:36:01,989,114
222,472-G,2024-01-01 23:46:18,235,43
223,969-I,2023-08-27 06:09:22,379,493
224,302-Y,2023-08-12 18:33:05,891,848
225,206-W,2023-08-01 16:13:22,271,62
226,546-Y,2023-09-04 20:49:37,776,491
227,702-W,2023-06-28 15:02:06,695,707
228,109-L,2024-01-29 17:28:53,453,467
229,096-D,2023-11-10 12:24:13,505,281
230,959-N,2023-08-18 20:31:13,585,477
231,117-U,2023-08-08 20:31:06,634,279
232,396-D,2023-08-07 01:42:20,143,970
233,338-M,2023-08-02 06:31:54,218,900
234,029-Z,2024-05-18 14:11:27,247,978
235,679-M,2023-10-09 18:55:13,205,490
236,280-H,2024-02-22 10:06:12,274,145
237,519-F,2023-11-18 06:26:48,894,979
238,865-K,2023-06-26 18:08:27,789,981
239,963-N,2024-01-14 08:38:47,659,886
240,503-W,2024-03-20 03:03:27,881,555
241,325-N,2023-09-03 00:59:19,852,258
242,124-M,2023-07-29 02:39:19,652,3
243,541-E,2023-09-29 00:38:06,599,565
244,911-Y,2023-12-24 03:43:44,241,148
245,889-D,2023-10-09 02:33:49,902,715
246,045-U,2024-04-21 04:10:16,261,958
247,847-J,2024-01-20 01:33:02,362,755
248,595-J,2024-02-09 07:55:12,663,121
249,403-C,2023-07-01 05:47:13,833,226
250,425-U,2024-05-14 10:29:04,698,267
251,303-T,2024-01-14 14:16:11,879,785
252,326-M,2023-12-17 01:47:41,218,530
253,340-P,2024-03-12 13:31:28,195,524
254,136-Q,2024-02-15 17:25:30,546,145
255,404-N,2023-11-20 08:25:03,15,924
256,859-W,2023-08-01 16:32:57,779,512
257,818-H,2023-11-23 14:21:32,432,363
258,754-W,2023-11-25 17:31:52,183,185
259,717-P,2023-12-04 18:51:23,359,250
260,704-C,2024-01-21 06:09:54,603,583
261,867-V,2023-07-15 16:16:42,701,651
262,154-V,2024-04-06 20:26:09,152,370
263,882-Q,2023-10-26 16:02:24,378,70
264,707-Q,2023-07-17 01:48:43,568,343
265,457-U,2024-04-03 07:19:48,253,203
266,256-M,2023-06-20 07:19:42,982,455
267,370-Y,2023-10-11 06:03:50,337,361
268,726-I,2023-10-27 00:27:16,799,978
269,154-G,2024-04-24 21:28:36,73,182
270,818-F,2023-12-15 08:29:07,563,313
271,590-H,2023-06-05 15:28:14,589,557
272,755-X,2023-09-16 10:48:10,924,205
273,981-N,2023-08-08 11:05:47,442,484
274,521-V,2023-07-13 18:54:32,622,745
275,640-I,2024-03-11 13:00:26,28,433
276,581-U,2023-12-13 05:11:54,645,784
277,358-F,2024-01-20 00:59:27,337,853
278,606-K,2023-08-24 23:25:06,419,284
279,716-C,2023-10-31 11:45:21,712,361
280,886-T,2024-05-04 21:07:14,181,133
281,774-U,2024-03-14 10:33:18,914,346
282,092-P,2024-05-15 07:22:33,76,312
283,600-F,2024-01-23 19:49:14,537,68
284,032-I,2023-10-03 20:58:31,527,129
285,450-K,2023-10-24 05:30:43,300,289
286,795-T,2024-02-25 01:53:08,1,461
287,142-K,2023-08-17 18:12:56,195,205
288,081-X,2023-12-26 00:30:01,327,616
289,518-V,2023-12-26 20:20:24,969,317
290,680-E,2024-03-07 00:50:25,544,130
291,430-E,2023-07-23 22:11:40,723,823
292,950-S,2023-07-09 08:35:00,833,839
293,269-I,2023-09-10 01:45:50,635,78
294,389-X,2024-02-10 20:01:18,371,796
295,390-C,2024-04-18 15:29:10,386,229
296,143-S,2023-05-27 10:50:53,210,732
297,106-I,2023-08-22 16:56:13,503,842
298,329-V,2024-04-17 13:05:47,529,74
299,921-P,2024-02-03 14:42:52,471,521
300,303-R,2023-12-24 01:21:53,864,746
301,862-S,2024-04-07 18:25:17,964,75
302,271-B,2024-03-30 09:54:44,717,308
303,165-U,2024-03-05 13:53:18,838,973
304,275-B,2023-09-20 09:46:09,756,449
305,553-R,2023-12-06 06:46:52,58,397
306,259-A,2023-11-29 10:30:07,870,242
307,168-H,2023-06-07 02:33:02,104,916
308,739-N,2023-07-05 13:55:38,895,290
309,988-P,2023-06-17 22:57:55,106,246
310,598-H,2024-02-17 06:36:04,721,462
311,176-J,2023-08-13 16:58:51,374,526
312,854-O,2024-05-04 16:16:59,301,753
313,490-O,2023-08-05 12:57:46,423,230
314,544-F,2023-11-11 05:48:04,51,424
315,786-V,2024-01-23 08:56:08,556,131
316,664-D,2023-05-29 00:24:09,72,430
317,409-X,2024-05-10 09:44:59,57,774
318,998-Z,2023-11-14 04:11:04,134,814
319,740-X,2024-03-18 05:50:22,930,81
320,427-K,2024-05-11 23:39:38,939,984
321,084-T,2024-04-04 02:40:17,748,362
322,087-M,2024-05-04 05:23:34,11,531
323,137-E,2023-11-04 10:44:42,693,532
324,181-E,2023-12-04 18:34:46,225,240
325,225-N,2023-09-25 21:52:33,486,522
326,931-A,2023-11-05 10:11:53,193,226
327,423-C,2023-12-08 23:15:50,609,550
328,649-B,2023-09-27 05:13:07,520,972
329,044-R,2024-05-10 18:03:41,832,252
330,453-H,2023-09-14 01:07:54,407,723
331,037-C,2023-07-05 00:49:24,110,439
332,923-W,2023-11-12 09:44:29,210,298
333,072-G,2023-06-21 09:40:21,333,499
334,384-Y,2023-11-12 01:56:31,943,262
335,954-P,2023-10-05 10:23:48,632,60
336,217-V,2024-01-08 22:17:07,134,468
337,450-J,2023-06-25 22:29:02,601,623
338,605-U,2023-06-02 22:12:16,516,428
339,358-Q,2023-12-05 10:16:29,247,636
340,354-D,2024-03-25 05:39:11,250,118
341,560-L,2023-11-02 17:01:21,658,51
342,007-W,2024-02-02 07:30:34,797,424
343,497-F,2024-03-12 06:13:10,601,328
344,413-W,2024-04-21 10:20:23,524,293
345,923-O,2024-03-05 09:51:39,720,624
346,339-G,2023-07-05 10:56:44,868,634
347,217-S,2023-09-22 11:44:45,699,137
348,712-T,2024-02-29 12:40:08,282,74
349,641-S,2023-06-22 11:56:19,363,544
350,635-H,2024-04-07 22:18:18,569,574
351,773-N,2023-07-19 00:27:19,972,738
352,716-O,2023-10-10 10:12:04,877,345
353,553-R,2023-11-22 02:36:53,563,850
354,049-H,2023-06-28 08:20:41,641,190
355,523-S,2023-09-01 04:39:33,605,394
356,316-P,2023-10-01 06:00:15,652,492
357,704-U,2023-07-23 21:57:14,376,460
358,213-V,2024-02-17 03:26:20,280,86
359,438-T,2023-10-09 18:20:24,559,300
360,389-D,2023-07-28 13:04:42,230,208
361,327-J,2024-04-17 11:49:47,703,684
362,788-Z,2023-11-12 12:40:14,536,518
363,404-E,2023-08-28 12:33:02,960,463
364,041-P,2024-02-07 02:10:48,722,8
365,414-E,2024-01-05 17:05:51,305,80
366,421-S,2023-09-25 10:58:40,122,600
367,165-M,2023-07-22 15:43:04,686,684
368,286-O,2023-11-02 05:34:56,980,802
369,152-W,2023-11-02 02:08:43,34,444
370,132-N,2023-11-07 23:09:26,174,527
371,745-B,2024-04-15 06:53:32,50,965
372,319-L,2023-09-18 11:51:06,663,532
373,094-J,2023-12-29 10:22:38,763,886
374,393-V,2023-05-23 09:21:52,280,320
375,970-Y,2023-06-09 12:31:20,956,932
376,385-C,2024-04-15 23:39:33,781,894
377,208-T,2024-03-28 10:00:57,221,697
378,999-Z,2023-12-10 17:24:22,379,302
379,943-Y,2023-07-28 12:04:37,701,753
380,629-V,2023-05-25 06:03:51,801,95
381,536-Q,2023-06-01 21:58:37,731,882
382,611-R,2023-05-23 14:45:49,218,223
383,071-I,2023-08-13 00:50:47,512,518
384,415-N,2023-08-17 20:31:42,401,784
385,760-S,2024-04-21 23:58:21,275,628
386,445-X,2023-11-16 14:46:13,144,210
387,539-V,2023-12-20 09:42:34,129,166
388,380-N,2024-05-11 19:37:55,85,991
389,712-D,2024-04-19 08:54:17,136,615
390,039-G,2023-10-06 09:37:23,682,733
391,949-F,2023-08-11 20:19:40,322,47
392,861-Q,2023-12-17 17:26:51,638,984
393,348-W,2024-01-31 03:29:43,602,697
394,680-I,2024-04-13 23:00:33,772,339
395,832-U,2023-07-01 04:28:48,810,529
396,876-I,2023-12-13 18:41:13,799,394
397,229-I,2023-12-04 20:18:41,164,384
398,934-L,2024-03-07 13:23:27,297,174
399,846-M,2024-02-04 07:01:59,73,107
400,017-P,2023-11-10 12:51:45,361,445
401,953-D,2023-10-19 22:46:35,21,563
402,577-B,2024-02-28 09:05:59,25,217
403,245-A,2024-04-02 08:21:55,92,429
404,013-N,2024-02-17 05:06:41,921,28
405,086-S,2023-07-22 20:06:54,704,536
406,528-E,2024-05-08 13:03:39,242,54
407,658-I,2023-11-06 15:29:09,584,8
408,788-A,2024-05-01 16:33:01,615,158
409,160-F,2023-12-04 08:06:27,327,25
410,164-W,2023-08-27 00:57:01,136,654
411,531-L,2023-12-01 03:26:47,887,759
412,844-R,2023-08-28 04:28:08,421,915
413,288-Q,2024-05-04 13:47:50,72,167
414,127-Y,2023-08-14 08:49:57,928,430
415,920-I,2023-06-18 01:11:22,160,661
416,114-G,2023-11-30 10:37:57,195,300
417,763-I,2023-10-24 17:11:09,770,213
418,743-L,2024-01-08 09:13:41,123,633
419,107-N,2023-07-02 02:19:46,282,612
420,661-O,2024-03-22 22:09:10,294,970
421,879-K,2023-09-22 22:38:48,531,81
422,978-W,2024-02-01 03:31:45,465,687
423,358-P,2024-02-04 01:40:06,885,527
424,520-O,2023-10-01 05:04:44,449,658
425,233-O,2023-12-04 19:06:59,104,775
426,220-I,2024-01-31 09:29:59,17,587
427,597-L,2024-03-29 22:57:37,192,858
428,355-C,2023-11-20 19:48:16,373,792
429,492-B,2024-04-23 18:12:49,303,837
430,392-L,2023-09-19 15:15:56,878,816
431,635-T,2023-09-22 18:16:26,88,955
432,769-A,2023-09-01 05:13:27,902,275
433,762-O,2023-12-15 10:08:44,437,251
434,048-H,2023-10-28 06:50:57,57,207
435,158-U,2024-05-13 05:11:28,695,367
436,184-Y,2024-01-13 08:40:53,395,871
437,127-K,2023-05-21 02:04:21,802,984
438,079-X,2024-02-28 11:31:51,206,101
439,648-F,2023-06-12 12:45:57,569,527
440,307-P,2023-05-25 10:48:23,848,753
441,308-B,2023-08-13 22:50:19,46,328
442,192-Y,2023-06-11 01:18:08,874,741
443,739-U,2023-07-19 06:40:43,278,361
444,311-B,2023-06-06 13:55:30,877,881
445,051-X,2024-02-27 10:48:10,947,912
446,345-K,2024-02-11 02:42:33,865,520
447,687-A,2023-09-01 02:33:20,794,904
448,537-E,2024-02-09 12:41:08,50,826
449,416-S,2023-11-23 03:35:15,390,502
450,133-E,2024-05-12 10:29:21,217,426
451,139-I,2024-03-20 05:26:05,716,72
452,509-L,2023-10-29 17:02:27,77,936
453,212-E,2024-05-17 04:53:39,88,326
454,275-S,2023-11-28 20:17:54,259,162
455,365-S,2024-01-18 02:47:32,790,677
456,471-U,2024-04-15 22:07:06,116,744
457,822-G,2024-03-27 23:56:46,545,116
458,569-L,2023-09-22 18:12:44,176,178
459,220-J,2024-02-18 04:00:04,355,25
460,318-F,2024-04-25 14:38:28,126,976
461,261-C,2024-03-02 23:14:42,959,297
462,607-V,2024-05-09 05:27:38,686,486
463,530-H,2023-07-03 20:12:57,227,623
464,445-I,2023-09-01 01:08:22,922,224
465,877-Q,2023-06-01 14:04:04,930,737
466,499-O,2024-02-09 21:34:59,277,769
467,369-I,2024-05-18 05:33:36,971,849
468,690-G,2023-11-13 12:27:23,779,227
469,279-K,2023-07-26 01:52:56,26,120
470,702-Q,2024-04-23 23:22:59,671,494
471,766-J,2023-08-29 09:07:02,583,525
472,224-V,2024-04-28 15:00:14,935,334
473,425-V,2024-03-20 20:47:03,328,124
474,516-S,2023-07-20 08:42:18,815,452
475,258-D,2023-08-05 11:46:00,911,139
476,124-Q,2024-05-13 11:40:09,937,505
477,092-S,2023-12-01 08:23:43,665,230
478,905-I,2024-03-26 14:18:09,981,344
479,678-T,2023-09-02 20:46:43,643,162
480,773-F,2023-08-17 10:43:46,360,767
481,692-S,2024-04-14 22:53:07,890,823
482,628-Y,2024-03-30 12:15:12,88,911
483,352-P,2023-12-07 09:46:43,194,125
484,801-Q,2024-03-05 08:13:20,234,310
485,768-C,2024-03-26 02:22:45,224,637
486,269-W,2023-08-19 02:53:36,154,328
487,030-U,2023-09-11 04:40:21,72,208
488,169-U,2024-01-05 00:24:12,426,250
489,815-W,2023-10-22 19:53:57,573,113
490,753-N,2024-01-29 03:58:16,858,212
491,709-Q,2024-01-16 16:10:21,131,796
492,910-T,2024-05-06 20:45:31,827,159
493,054-J,2023-11-20 20:28:06,848,316
494,981-G,2024-04-11 09:19:35,677,491
495,799-P,2024-02-20 13:05:21,880,471
496,389-A,2023-06-03 07:06:16,105,117
497,971-E,2023-09-16 01:42:09,435,326
498,538-Q,2023-10-10 14:33:07,339,761
499,147-W,2024-01-19 09:09:57,857,385
500,773-S,2023-07-29 20:54:34,167,371
501,906-R,2024-03-15 08:41:49,592,155
502,806-B,2024-01-17 17:45:18,533,230
503,300-V,2024-05-12 16:59:29,640,170
504,155-S,2023-10-12 14:37:01,630,653
505,644-A,2024-02-04 06:50:05,963,404
506,966-L,2023-08-02 00:09:22,516,141
507,253-G,2023-11-27 17:36:27,56,594
508,661-L,2024-04-29 05:56:32,275,798
509,248-Z,2023-09-16 15:18:48,325,153
510,913-S,2023-07-20 16:16:51,609,450
511,678-B,2023-08-22 16:58:14,712,429
512,701-A,2023-09-18 12:54:37,766,435
513,056-O,2023-07-08 21:58:25,989,477
514,539-E,2023-09-25 22:35:08,258,537
515,570-D,2023-09-01 09:16:31,410,972
516,745-L,2023-07-17 20:02:06,628,479
517,392-E,2024-02-06 11:37:03,680,113
518,070-Z,2024-04-25 23:36:53,255,302
519,701-D,2023-08-12 04:42:46,53,302
520,555-V,2024-03-17 13:17:35,717,631
521,582-A,2023-09-17 21:51:30,884,413
522,346-K,2023-10-04 15:21:03,761,808
523,027-F,2023-07-24 03:54:15,816,132
524,837-S,2024-03-31 06:24:11,302,420
525,524-W,2024-04-05 22:16:15,929,147
526,661-R,2023-06-30 10:18:55,418,363
527,692-N,2024-03-16 22:47:04,937,255
528,722-A,2024-05-12 00:01:51,262,119
529,663-A,2023-08-03 15:55:32,129,291
530,248-W,2023-10-01 10:41:28,658,474
531,876-G,2023-09-16 21:22:59,15,204
532,288-Y,2023-12-14 00:15:53,217,948
533,666-M,2024-01-20 00:42:32,740,62
534,613-D,2023-10-06 03:48:46,33,617
535,930-W,2023-08-24 12:32:14,618,133
536,212-Q,2023-11-21 08:41:14,630,888
537,515-T,2023-07-06 15:28:22,236,565
538,970-U,2024-02-14 23:32:00,279,63
539,938-X,2023-08-25 21:28:37,500,517
540,174-J,2023-12-01 14:01:00,30,582
541,331-I,2024-05-10 15:16:17,779,326
542,261-O,2023-09-30 16:26:40,617,772
543,604-V,2024-01-01 23:23:18,871,557
544,412-J,2024-01-30 07:36:57,500,419
545,070-S,2024-05-20 00:00:23,965,158
546,462-S,2023-08-18 20:53:36,538,801
547,095-K,2024-04-27 08:04:15,216,410
548,753-K,2023-09-04 18:33:16,601,174
549,387-P,2024-03-28 21:36:39,743,267
550,093-G,2023-10-01 06:11:24,838,972
551,306-M,2023-06-08 06:23:40,747,237
552,440-G,2023-11-27 05:36:21,237,793
553,380-G,2024-05-08 14:24:14,810,569
554,834-N,2023-07-08 17:27:59,278,218
555,525-E,2024-04-16 13:41:09,447,862
556,972-V,2023-09-05 10:03:21,66,586
557,128-Z,2023-11-08 21:01:19,236,32
558,047-Q,2023-12-07 15:05:48,222,156
559,057-L,2023-10-17 07:13:15,485,346
560,546-Q,2024-03-13 12:16:38,381,835
561,043-K,2023-11-25 05:49:31,510,672
562,759-B,2024-05-04 03:41:22,959,384
563,464-W,2024-05-16 15:37:51,467,358
564,171-G,2023-08-17 07:18:21,325,582
565,510-V,2024-04-19 06:00:46,389,875
566,130-G,2024-01-03 00:29:39,218,266
567,376-E,2024-01-03 15:01:29,746,39
568,228-F,2024-02-29 16:21:30,406,399
569,127-Z,2023-07-03 20:50:54,260,40
570,637-S,2024-04-30 19:11:43,486,974
571,246-I,2024-02-26 15:47:06,681,3
572,500-F,2024-01-26 13:39:10,639,531
573,172-X,2023-10-21 20:55:41,827,689
574,403-K,2024-02-14 14:42:16,7,841
575,557-S,2023-12-18 09:36:52,251,817
576,746-D,2023-05-29 18:00:31,215,621
577,805-T,2024-04-28 11:28:05,249,110
578,888-H,2024-01-23 16:58:42,61,939
579,004-N,2024-05-18 20:23:56,140,253
580,658-A,2023-11-26 13:43:51,468,850
581,249-C,2024-04-17 02:59:22,109,660
582,443-J,2023-07-17 07:59:17,499,296
583,290-I,2023-11-07 06:23:45,975,329
584,551-Q,2023-07-29 19:29:35,137,706
585,519-S,2023-05-25 02:53:04,816,954
586,606-L,2024-02-26 03:46:48,56,592
587,639-E,2024-02-19 22:42:27,541,898
588,884-Y,2024-02-15 00:12:30,792,737
589,762-T,2023-06-30 07:51:16,808,544
590,623-Y,2024-04-25 13:27:08,770,677
591,959-R,2024-04-15 21:23:07,287,652
592,627-I,2024-05-04 16:53:07,937,141
593,624-Y,2023-06-02 13:13:12,158,215
594,659-I,2024-03-02 16:16:20,641,59
595,794-Z,2023-07-18 16:45:30,253,511
596,069-L,2023-05-28 13:42:10,89,894
597,956-H,2023-11-20 11:07:16,579,274
598,247-A,2023-08-14 02:31:42,762,299
599,313-F,2024-01-28 07:22:47,387,814
600,851-E,2024-01-07 11:05:52,626,925
601,987-O,2023-06-25 01:01:40,96,833
602,387-F,2023-08-24 09:55:55,545,555
603,972-I,2023-12-30 07:03:03,374,154
604,850-Q,2024-03-08 08:01:14,863,363
605,892-S,2024-01-09 13:19:58,100,959
606,170-Q,2024-04-30 20:00:59,241,146
607,813-H,2023-06-06 15:42:24,108,773
608,301-W,2024-02-21 08:33:51,459,111
609,699-B,2024-01-28 23:02:02,826,359
610,074-W,2024-02-03 21:43:54,574,173
611,799-F,2023-07-12 05:36:14,679,54
612,252-M,2024-04-14 15:01:01,179,732
613,933-R,2023-09-12 11:19:36,266,652
614,581-K,2023-09-24 04:49:20,914,928
615,205-J,2024-03-21 18:58:16,583,833
616,863-Y,2024-05-18 19:44:32,442,959
617,857-F,2024-05-12 01:03:22,225,485
618,725-N,2023-10-29 05:48:43,677,543
619,304-S,2024-03-11 22:19:08,60,515
620,629-S,2024-05-14 10:18:32,386,937
621,708-E,2023-08-14 08:08:53,771,415
622,301-U,2023-08-18 15:13:48,501,276
623,686-P,2023-10-21 22:48:43,574,911
624,924-B,2024-02-12 22:07:28,595,364
625,226-G,2024-05-19 07:32:36,533,655
626,946-P,2023-07-04 00:39:50,862,549
627,539-A,2023-08-30 14:57:12,442,786
628,180-O,2023-12-29 13:24:11,413,484
629,718-B,2023-09-20 19:37:59,185,790
630,636-L,2023-10-13 06:44:14,979,136
631,038-A,2023-06-27 08:56:55,863,139
632,624-A,2024-04-29 06:11:23,289,534
633,311-T,2024-01-17 11:14:02,868,186
634,163-F,2023-09-16 21:23:30,606,699
635,634-Q,2024-05-05 08:45:32,982,634
636,594-S,2023-06-30 15:58:18,351,474
637,728-C,2023-06-11 09:48:22,567,455
638,599-L,2024-01-30 11:13:50,187,228
639,827-Q,2024-05-16 00:08:05,632,292
640,540-Y,2023-10-04 22:10:22,736,955
641,032-S,2023-07-05 23:34:55,828,169
642,807-E,2024-03-25 14:07:41,676,379
643,849-C,2023-06-17 20:43:23,38,850
644,911-F,2023-11-30 10:10:22,676,835
645,931-N,2023-12-17 16:37:37,735,49
646,580-P,2023-10-26 06:30:03,376,124
647,757-C,2024-03-16 12:52:33,62,477
648,222-O,2024-03-29 02:06:28,711,361
649,047-Y,2023-08-09 13:48:00,633,420
650,137-J,2023-08-12 13:52:53,641,503
651,663-T,2023-11-22 05:06:34,345,296
652,823-H,2024-03-26 01:47:16,741,761
653,727-X,2023-08-28 20:09:27,37,848
654,954-P,2024-02-19 15:27:03,434,796
655,654-M,2024-03-10 03:29:32,519,458
656,835-E,2023-10-13 00:53:27,52,549
657,278-I,2023-07-22 07:36:39,56,917
658,846-V,2023-09-27 00:32:39,48,850
659,980-N,2023-08-15 19:52:04,732,546
660,642-J,2023-06-08 02:59:56,939,209
661,376-G,2023-11-07 07:28:20,460,210
662,456-M,2023-09-21 08:06:39,269,273
663,677-U,2024-01-22 16:36:21,881,971
664,874-K,2023-10-12 23:25:50,312,568
665,351-Y,2023-12-14 23:30:18,626,520
666,482-E,2023-08-31 02:52:16,617,266
667,348-C,2023-10-06 14:32:56,312,792
668,797-X,2024-01-28 14:27:46,230,502
669,717-M,2024-01-05 05:48:42,713,396
670,675-V,2023-07-12 18:15:24,938,571
671,864-Q,2023-08-04 21:48:36,399,936
672,775-W,2024-01-17 10:11:21,415,751
673,737-B,2024-01-28 18:42:48,78,330
674,736-X,2024-05-03 17:25:51,417,293
675,766-H,2023-08-01 07:53:05,912,752
676,401-A,2023-08-12 18:53:45,478,913
677,160-D,2024-05-04 17:15:15,21,170
678,652-Q,2023-09-25 16:03:09,853,984
679,510-Z,2023-11-02 02:25:55,668,921
680,221-L,2024-02-26 23:23:25,383,678
681,964-Y,2024-03-12 18:23:52,972,116
682,082-I,2023-11-18 22:58:16,389,672
683,814-V,2024-03-16 03:11:56,127,226
684,104-O,2023-06-27 09:41:18,446,108
685,330-C,2023-10-17 22:02:16,94,835
686,934-B,2024-05-02 11:19:03,944,341
687,954-X,2024-05-15 14:04:31,925,185
688,904-B,2024-02-29 11:36:27,325,54
689,791-N,2023-12-02 13:32:50,410,443
690,036-I,2023-07-18 12:16:50,688,266
691,246-D,2023-10-05 13:35:32,603,170
692,833-Q,2024-04-25 01:19:10,344,775
693,918-J,2023-10-11 22:07:38,246,705
694,204-C,2024-01-25 03:40:48,286,853
695,162-T,2024-01-14 08:49:03,432,102
696,800-X,2023-12-21 01:56:14,739,63
697,328-D,2024-04-13 19:26:04,353,928
698,687-A,2023-07-18 23:08:11,977,821
699,225-Z,2023-05-26 15:34:50,199,361
700,320-H,2024-02-20 18:55:02,877,654
701,217-O,2023-08-26 00:35:53,105,562
702,482-V,2024-05-02 08:19:18,334,875
703,860-Q,2023-05-28 03:51:33,97,817
704,245-A,2023-11-25 12:25:54,719,265
705,259-Z,2023-06-20 00:43:31,648,180
706,797-Q,2024-01-19 13:09:02,771,78
707,590-B,2023-08-17 20:50:02,262,365
708,594-C,2023-08-20 16:25:11,568,481
709,176-J,2023-11-25 16:09:36,842,688
710,990-Q,2024-04-07 00:26:29,68,662
711,216-M,2023-11-08 05:58:08,348,694
712,000-O,2023-07-20 23:09:52,351,92
713,660-G,2023-07-29 18:12:26,457,733
714,763-P,2023-05-29 04:48:37,143,6
715,233-O,2023-11-12 14:48:34,302,479
716,855-C,2023-07-08 07:51:21,616,774
717,729-G,2023-11-25 22:45:13,91,137
718,727-C,2024-04-16 01:23:03,254,169
719,542-F,2023-07-30 22:25:07,219,747
720,247-Z,2023-08-02 12:02:12,690,738
721,250-M,2024-01-09 09:01:16,837,447
722,158-J,2023-12-13 13:53:32,624,918
723,287-O,2023-11-12 17:43:07,867,481
724,864-C,2023-07-22 19:45:44,75,515
725,682-F,2023-10-26 16:51:04,345,793
726,052-B,2024-02-15 03:03:34,354,555
727,000-K,2023-10-19 17:11:57,375,12
728,195-A,2023-05-30 11:12:56,115,657
729,075-U,2024-04-11 18:24:16,398,836
730,943-M,2023-11-06 08:03:44,718,273
731,559-B,2024-02-26 00:27:28,503,656
732,317-M,2024-03-11 23:22:55,97,438
733,525-L,2024-02-25 21:01:10,923,333
734,829-C,2023-08-09 12:21:26,672,388
735,658-X,2024-04-14 09:49:27,297,970
736,452-F,2023-09-20 06:49:03,433,297
737,538-M,2023-12-31 21:49:01,822,694
738,239-Z,2024-03-06 23:09:28,744,232
739,210-Y,2024-01-22 23:49:01,812,700
740,997-P,2024-02-15 10:49:58,883,55
741,784-I,2023-06-22 22:11:25,158,70
742,837-C,2024-02-05 04:08:46,820,991
743,312-J,2023-09-19 15:20:07,794,118
744,336-Z,2024-01-03 17:49:08,890,690
745,473-F,2023-11-04 16:26:21,2,781
746,650-K,2024-05-12 20:55:25,96,28
747,033-L,2024-05-08 17:28:36,118,927
748,463-O,2023-09-23 17:55:21,387,818
749,143-E,2023-12-06 08:47:07,281,225
750,625-E,2024-01-22 12:50:30,297,438
751,023-T,2024-03-25 19:59:27,681,905
752,575-B,2023-08-03 10:27:30,860,901
753,251-H,2023-11-24 22:35:04,666,560
754,668-X,2023-07-22 06:36:55,629,418
755,785-N,2023-11-03 03:41:12,391,981
756,695-O,2023-12-22 00:31:08,23,810
757,179-L,2023-08-19 14:26:52,524,59
758,388-D,2023-10-12 11:22:12,136,426
759,499-G,2023-06-06 07:12:56,188,985
760,808-T,2024-01-11 08:16:38,694,571
761,227-L,2023-09-08 04:00:47,308,417
762,225-J,2023-10-19 10:25:30,248,182
763,031-H,2023-05-27 02:11:32,604,547
764,621-W,2024-01-10 07:19:56,704,857
765,923-X,2024-03-15 03:50:36,600,267
766,464-E,2024-01-09 17:59:42,544,573
767,600-X,2023-09-18 15:51:37,609,534
768,022-O,2023-11-22 14:02:53,436,224
769,023-I,2024-05-01 00:50:37,272,585
770,244-R,2024-04-25 02:13:27,206,603
771,701-S,2024-03-25 13:03:55,492,304
772,430-C,2023-09-29 06:33:33,598,557
773,429-I,2024-03-01 03:29:11,322,841
774,621-G,2024-01-22 08:37:00,882,428
775,189-G,2023-07-18 13:38:30,403,77
776,450-Y,2023-12-19 18:06:28,82,236
777,305-P,2023-11-04 16:26:50,268,504
778,500-H,2023-10-30 21:10:03,270,409
779,242-O,2024-02-22 09:56:18,906,863
780,598-J,2024-01-14 11:18:03,749,75
781,706-V,2023-10-03 11:27:23,469,88
782,180-V,2024-01-22 21:28:38,846,991
783,053-E,2024-03-17 06:20:08,924,725
784,007-R,2024-05-01 17:59:54,494,778
785,319-M,2023-06-17 20:44:56,94,83
786,007-F,2023-05-26 00:07:52,415,606
787,094-C,2024-03-22 03:54:44,553,372
788,922-H,2024-01-09 13:40:37,299,504
789,319-E,2023-06-07 17:13:38,925,109
790,411-D,2023-09-21 02:41:47,229,526
791,375-F,2024-01-05 19:10:31,993,375
792,235-C,2023-09-16 10:00:35,202,236
793,065-Y,2024-05-16 00:41:22,989,745
794,914-X,2023-06-10 22:29:59,596,698
795,934-L,2024-01-26 23:37:22,481,496
796,110-E,2023-06-16 01:18:23,695,134
797,356-L,2024-02-03 20:46:06,850,147
798,581-I,2023-05-23 23:32:25,630,660
799,828-E,2023-10-30 22:17:37,446,640
800,118-G,2024-01-23 20:51:25,78,624
801,294-W,2024-05-09 13:23:55,605,41
802,563-T,2023-07-09 15:12:01,10,254
803,042-P,2023-12-19 22:04:34,610,230
804,696-H,2023-06-07 19:59:21,273,679
805,616-K,2023-09-25 10:03:03,255,885
806,147-X,2023-10-03 01:12:46,786,839
807,443-I,2023-07-31 18:30:38,934,59
808,854-D,2023-07-06 09:11:08,294,199
809,923-N,2023-09-04 10:41:38,5,119
810,938-M,2023-07-03 17:40:33,527,727
811,193-J,2024-01-12 19:38:44,174,483
812,502-M,2023-12-20 04:29:56,88,832
813,755-E,2023-09-10 01:43:44,139,961
814,379-L,2023-06-28 05:40:22,512,623
815,827-N,2023-08-20 19:22:46,818,887
816,010-A,2024-05-18 10:05:07,724,40
817,611-S,2023-06-10 21:41:06,631,144
818,913-Y,2024-01-18 12:30:33,1000,970
819,115-L,2024-04-04 00:32:36,501,552
820,642-J,2023-10-24 00:40:26,325,851
821,889-Q,2023-12-19 23:04:09,961,979
822,897-C,2024-04-26 03:49:09,641,682
823,880-K,2023-11-09 20:46:16,661,576
824,462-H,2023-11-28 01:39:15,724,20
825,414-Q,2023-08-19 20:21:55,548,327
826,292-O,2023-08-10 11:07:39,995,398
827,348-X,2023-11-11 16:38:03,618,471
828,007-W,2024-01-20 23:47:34,962,636
829,813-Y,2024-01-31 11:05:55,666,461
830,663-U,2023-09-30 14:20:42,716,715
831,651-V,2023-12-13 04:20:56,690,827
832,945-Z,2023-09-20 10:46:35,551,537
833,471-B,2023-11-13 01:26:35,643,567
834,630-S,2024-03-06 16:36:38,876,939
835,296-D,2024-05-11 09:24:21,249,935
836,243-I,2023-09-12 18:04:46,787,921
837,433-G,2023-11-03 18:21:57,981,186
838,400-X,2023-08-14 13:30:58,373,200
839,253-R,2023-12-08 02:40:03,19,758
840,556-X,2024-04-13 03:55:48,389,976
841,156-G,2024-03-15 06:56:50,675,338
842,465-B,2024-02-01 03:24:13,960,658
843,530-W,2024-01-26 20:38:50,530,797
844,181-G,2024-05-14 09:51:15,99,515
845,589-D,2023-11-17 15:52:17,608,261
846,463-Y,2024-05-01 11:38:11,429,299
847,588-M,2023-08-22 05:05:04,78,824
848,739-Y,2023-10-23 20:15:55,704,905
849,209-Z,2024-04-16 15:17:37,522,62
850,262-A,2024-05-07 22:53:51,409,120
851,853-B,2024-04-06 01:02:37,708,515
852,028-Z,2023-07-21 21:48:02,231,303
853,639-Q,2023-06-17 14:54:43,948,35
854,265-F,2023-10-15 07:44:58,399,208
855,498-K,2024-03-19 18:33:10,109,357
856,064-M,2024-01-21 01:37:31,349,501
857,697-T,2024-05-14 03:53:27,938,857
858,290-J,2024-03-07 22:59:28,306,461
859,189-M,2023-10-16 16:27:55,350,596
860,895-G,2024-05-06 14:20:47,967,798
861,114-F,2024-04-04 15:00:30,24,959
862,260-L,2024-05-02 09:44:09,9,712
863,505-P,2023-07-01 06:06:40,131,694
864,249-I,2024-02-14 12:52:16,61,166
865,323-X,2024-01-05 07:53:14,694,478
866,221-U,2023-06-19 04:11:20,640,324
867,776-N,2023-10-22 11:37:19,132,447
868,853-F,2023-10-28 15:00:59,644,389
869,211-A,2023-10-11 12:40:27,26,342
870,465-I,2023-11-23 14:04:53,796,125
871,229-M,2023-12-06 06:20:46,202,209
872,361-J,2024-04-26 06:10:47,324,646
873,169-C,2024-03-18 00:49:53,604,122
874,510-Y,2024-02-11 08:22:31,678,996
875,579-X,2024-01-05 21:47:03,64,446
876,024-F,2024-05-04 05:27:46,226,463
877,869-U,2023-07-07 02:22:17,500,928
878,911-A,2023-07-03 10:48:52,83,978
879,850-D,2024-03-27 06:33:57,980,239
880,283-B,2023-09-30 22:30:57,785,58
881,463-A,2023-11-06 16:06:33,645,421
882,905-K,2023-11-14 23:42:14,832,236
883,894-W,2023-08-08 23:17:06,462,182
884,053-V,2024-04-29 16:40:20,929,791
885,654-C,2023-09-01 15:50:20,35,150
886,084-H,2023-09-19 15:31:45,216,706
887,881-J,2023-05-25 17:38:04,438,345
888,698-X,2023-12-19 03:21:17,547,762
889,543-K,2023-06-10 23:12:37,523,813
890,792-A,2023-06-27 02:57:41,495,71
891,622-D,2023-06-02 04:48:27,364,26
892,218-S,2023-06-10 02:27:18,824,596
893,863-Q,2023-11-26 23:15:20,271,437
894,129-X,2023-09-19 07:00:35,699,457
895,095-L,2024-01-20 11:43:26,221,292
896,113-J,2024-02-01 06:04:12,201,186
897,065-U,2023-09-05 06:55:03,447,238
898,241-M,2023-10-27 20:23:11,197,519
899,766-X,2023-09-08 21:12:21,368,496
900,630-W,2024-05-03 12:10:46,513,716
901,876-I,2024-04-28 01:45:21,896,439
902,966-H,2024-05-12 16:51:45,991,426
903,392-T,2023-10-23 01:13:12,218,587
904,482-Q,2023-10-17 17:20:43,118,748
905,974-I,2023-07-10 17:58:30,763,106
906,961-T,2024-02-13 22:00:51,465,73
907,630-Q,2023-06-16 20:11:58,667,911
908,117-F,2024-03-03 11:47:17,435,422
909,253-X,2024-04-20 20:26:04,136,922
910,655-X,2024-03-26 08:03:25,835,554
911,112-L,2023-11-02 01:30:18,697,17
912,173-B,2024-02-05 05:09:19,619,238
913,968-E,2024-05-18 12:01:35,115,942
914,249-I,2024-05-06 22:53:56,265,1
915,129-R,2024-01-28 07:58:50,463,608
916,577-X,2023-10-05 18:22:01,712,915
917,147-C,2023-07-04 16:33:16,41,651
918,757-E,2024-04-21 00:09:50,130,974
919,027-V,2023-05-30 23:25:56,116,780
920,951-V,2023-11-18 19:35:17,830,787
921,502-A,2023-08-03 12:58:26,64,390
922,407-G,2023-09-08 09:44:31,425,106
923,807-D,2023-09-04 09:49:15,477,894
924,959-K,2024-03-30 23:54:27,479,803
925,011-U,2023-12-14 17:44:08,595,316
926,423-F,2023-12-15 08:43:48,52,832
927,068-T,2023-10-01 07:32:06,178,65
928,978-B,2023-11-29 05:13:22,153,419
929,845-M,2023-10-15 13:10:50,586,967
930,571-M,2023-10-29 18:52:46,55,501
931,863-U,2023-11-28 06:40:26,862,134
932,622-A,2023-05-26 06:40:56,252,126
933,648-Y,2024-04-09 21:18:14,147,359
934,131-X,2023-11-13 20:44:12,708,661
935,409-C,2024-02-23 00:17:47,212,767
936,657-N,2024-05-09 22:59:51,191,894
937,401-D,2023-08-10 00:14:35,129,811
938,893-S,2023-06-17 02:49:24,534,910
939,996-M,2023-08-23 15:51:42,801,243
940,387-L,2024-01-04 10:22:54,395,769
941,609-N,2023-10-24 18:10:43,377,335
942,667-H,2023-08-03 15:06:56,214,121
943,185-V,2023-06-09 07:06:50,203,673
944,118-N,2023-06-07 22:25:28,207,259
945,390-G,2024-03-13 17:59:10,440,969
946,786-H,2024-01-02 08:08:10,379,978
947,808-J,2023-07-31 17:18:53,500,208
948,125-A,2023-10-19 16:06:00,402,160
949,505-A,2023-08-15 16:42:37,38,174
950,392-O,2024-03-03 01:59:12,63,516
951,927-V,2023-10-28 19:33:49,966,300
952,198-O,2024-01-31 23:36:09,483,895
953,242-E,2024-04-08 04:37:43,105,948
954,177-J,2024-05-20 00:15:06,369,263
955,579-D,2023-09-10 00:31:25,465,540
956,311-W,2023-12-08 06:01:46,79,554
957,213-J,2023-06-07 16:26:02,76,390
958,519-U,2024-05-13 23:14:03,880,734
959,814-J,2023-12-30 03:53:19,645,315
960,053-D,2023-06-09 14:28:21,568,214
961,744-E,2023-07-31 05:32:50,144,453
962,791-V,2023-12-04 09:15:19,748,645
963,260-A,2023-12-24 09:24:46,166,769
964,948-R,2023-12-30 22:26:14,438,225
965,331-N,2023-05-31 09:13:44,815,206
966,236-S,2024-03-04 06:13:30,471,314
967,623-P,2023-08-19 17:18:58,616,315
968,298-P,2024-04-26 10:56:01,555,165
969,992-J,2023-11-09 19:12:16,583,97
970,402-O,2023-09-01 03:50:46,274,723
971,063-B,2024-01-19 10:14:05,268,734
972,176-K,2024-03-03 16:33:06,508,178
973,640-Y,2024-01-18 14:03:03,318,462
974,991-Q,2024-03-01 10:14:06,605,414
975,737-L,2023-10-08 04:18:18,929,958
976,176-Z,2023-09-18 12:34:47,326,875
977,441-S,2023-11-22 22:27:37,280,809
978,695-H,2023-05-25 17:46:01,171,81
979,401-U,2024-01-30 17:15:57,171,934
980,487-Y,2023-07-01 03:05:31,146,718
981,840-O,2023-07-10 14:40:34,176,257
982,567-S,2024-02-08 12:28:47,726,629
983,933-B,2023-06-19 11:24:19,751,126
984,813-C,2024-01-25 16:59:28,570,516
985,619-Z,2024-01-10 12:00:50,69,885
986,501-B,2024-04-24 03:03:04,379,369
987,122-W,2024-03-12 02:10:42,778,268
988,812-C,2023-09-09 06:10:57,827,97
989,319-M,2024-04-07 13:29:49,540,73
990,855-V,2023-08-30 13:35:42,213,449
991,037-O,2024-04-14 15:52:15,3,106
992,910-L,2024-03-15 13:40:40,471,953
993,311-B,2024-05-05 10:42:03,362,924
994,691-P,2024-02-25 21:14:03,842,288
995,184-X,2024-01-11 11:41:00,200,606
996,533-R,2024-04-21 11:32:54,66,479
997,393-K,2024-02-17 01:51:31,953,548
998,939-U,2024-04-19 21:57:02,786,600
999,962-H,2024-03-27 17:44:54,75,494
1000,622-L,2023-06-01 03:41:49,222,731
