FLIGHT_ID,FLIGHT_NUMBER,DEPARTURE_TIME,ARRIVAL_TIME,DEPARTURE_AIRPORT,ARRIVAL_AIRPORT,FLIGHT_STATUS,AIRCRAFT_ID,AIRLINE_ID
1001,HW-60624041,2024-05-12 05:08:37,2024-05-12 19:35:04,31,1000,Diverted,106,50
1002,LL-03831208,2024-04-22 11:49:56,2024-05-14 07:48:46,130,1000,Diverted,165,24
1003,JQ-94720965,2024-04-22 03:00:14,2024-05-02 04:35:15,20,1000,Diverted,149,42
1004,OV-84232300,2024-05-14 03:40:46,2024-05-10 06:18:33,187,1000,On Time,129,25
1005,EH-56893589,2024-05-16 00:29:21,2024-04-29 13:51:40,51,1000,Delayed,124,28
1006,LA-40325547,2024-04-28 07:21:49,2024-04-30 16:12:23,58,1000,In Air,178,8
1007,FF-82022361,2024-04-21 11:46:27,2024-05-07 01:56:51,175,1000,On Time,51,44
1008,WO-31204048,2024-05-15 16:24:18,2024-05-03 15:58:54,35,1000,Scheduled,53,29
1009,ZI-34145562,2024-04-30 07:47:09,2024-04-27 18:14:21,67,1000,Delayed,67,21
1010,CQ-53384473,2024-04-27 01:06:24,2024-04-30 08:16:10,27,1000,Maintenance,31,20
1011,US-02825001,2024-04-30 15:49:11,2024-05-17 21:07:45,54,1000,Cancelled,158,25
1012,BH-19785693,2024-04-25 15:14:41,2024-05-09 01:35:49,114,1000,Landed,147,28
1013,KE-61339612,2024-05-19 18:50:23,2024-04-23 17:41:54,10,1000,In Air,132,14
1014,DB-99578123,2024-05-19 10:15:00,2024-05-04 11:47:25,35,1000,Cancelled,166,33
1015,IY-04308944,2024-05-14 05:32:52,2024-05-20 12:56:51,29,1000,In Air,125,46
1016,DG-75191849,2024-04-24 07:32:28,2024-04-27 21:56:16,65,1000,Delayed,54,22
1017,JR-06786681,2024-05-08 07:27:21,2024-05-11 00:10:27,159,1000,Gate Change,176,25
1018,YS-35124643,2024-04-29 20:41:41,2024-05-05 23:01:04,148,1000,Departed,189,14
1019,LA-25527353,2024-04-28 18:58:22,2024-05-10 17:35:01,146,1000,Diverted,3,29
1020,EW-48203262,2024-05-14 12:18:05,2024-04-26 03:47:09,123,1000,Boarding,120,20
1021,VF-17794667,2024-05-04 06:24:07,2024-05-18 23:53:07,25,1000,Diverted,88,40
1022,MS-31813092,2024-05-19 00:49:28,2024-05-05 22:59:32,64,1000,Departed,28,13
1023,KK-63521830,2024-04-29 21:39:02,2024-05-06 13:24:17,131,1000,Boarding,196,21
1024,JY-89852274,2024-04-23 15:47:57,2024-05-07 07:56:30,167,1000,Boarding,48,19
1025,QW-02993125,2024-05-03 14:13:29,2024-04-28 14:11:10,164,1000,Boarding,144,13
1026,MW-40618828,2024-04-23 02:42:03,2024-05-20 18:49:02,118,1000,Landed,199,19
1027,EU-73582506,2024-05-04 09:55:05,2024-05-16 08:17:08,200,1000,Boarding,179,1
1028,VD-62686080,2024-05-10 10:57:14,2024-05-03 22:08:57,159,1000,Arrived,11,25
1029,ID-21012368,2024-04-30 01:15:09,2024-05-18 09:21:54,77,1000,Landed,105,12
1030,BW-35085157,2024-05-18 02:43:41,2024-04-21 05:54:14,54,1000,Arrived,42,4
1031,IM-52295287,2024-05-04 04:24:47,2024-04-28 20:59:28,73,1000,Boarding,173,42
1032,PU-55345615,2024-04-30 07:18:37,2024-04-27 01:14:26,153,1000,Maintenance,70,10
1033,WM-28825350,2024-05-03 07:08:41,2024-04-23 02:38:11,117,1000,Departed,130,30
1034,NK-06337930,2024-05-03 16:07:16,2024-05-09 15:41:57,160,1000,Delayed,38,45
1035,FI-00825600,2024-05-05 14:20:47,2024-04-22 01:53:30,159,1000,Cancelled,51,34
1036,NU-66102119,2024-04-25 07:53:45,2024-04-23 11:25:27,50,1000,On Time,26,9
1037,BX-72184537,2024-04-21 01:37:10,2024-05-07 06:42:49,21,1000,Cancelled,122,19
1038,JV-35977428,2024-05-04 05:09:56,2024-05-13 04:57:39,160,1000,Gate Change,94,8
1039,CS-87331694,2024-05-02 22:34:47,2024-05-11 03:43:01,25,1000,Delayed,4,30
1040,PR-36871914,2024-04-27 02:19:52,2024-05-18 08:09:23,92,1000,Cancelled,181,4
1041,GB-57371216,2024-04-28 15:50:43,2024-05-12 15:13:15,156,1000,Cancelled,180,34
1042,FH-68204364,2024-05-20 03:28:11,2024-05-04 11:22:42,177,1000,Boarding,177,18
1043,JS-75209526,2024-04-30 22:45:46,2024-04-28 22:23:14,44,1000,On Time,24,29
1044,RH-24527350,2024-05-06 17:45:00,2024-04-30 10:41:07,148,1000,Maintenance,130,19
1045,ED-76551579,2024-04-27 03:07:23,2024-04-25 09:34:47,83,1000,Boarding,84,29
1046,ME-98743705,2024-04-28 15:25:49,2024-05-15 02:17:31,172,1000,Arrived,4,27
1047,YF-27402758,2024-05-12 20:24:15,2024-05-09 23:38:30,155,1000,Boarding,72,45
1048,OK-69061995,2024-04-23 16:33:11,2024-05-13 22:05:27,94,1000,Gate Change,115,3
1049,IQ-92656716,2024-05-13 10:48:11,2024-05-17 02:09:29,38,1000,Departed,53,36
1050,UX-65986541,2024-05-07 14:01:48,2024-05-07 01:32:28,57,1000,Delayed,118,1
1051,OQ-22200125,2024-04-30 19:25:11,2024-05-19 04:34:11,197,1000,Delayed,30,21
1052,IN-38257545,2024-04-22 06:13:51,2024-05-11 05:22:29,161,1000,Maintenance,153,45
1053,PD-34894519,2024-05-01 20:04:52,2024-05-05 12:04:52,82,1000,Departed,42,22
1054,MZ-26133873,2024-04-25 00:33:14,2024-05-14 13:18:30,176,1000,Arrived,119,46
1055,LJ-76000255,2024-04-27 08:31:25,2024-05-03 09:19:30,136,1000,Departed,132,20
1056,SM-13821503,2024-05-09 09:43:48,2024-05-02 03:17:27,75,1000,Scheduled,58,19
1057,ZJ-78996022,2024-04-28 18:12:32,2024-05-06 11:39:00,198,1000,Cancelled,118,21
1058,PB-60550009,2024-05-03 09:36:45,2024-05-14 05:38:53,143,1000,Delayed,185,5
1059,NK-38679661,2024-05-05 16:23:09,2024-05-19 04:36:17,146,1000,Diverted,49,13
1060,TY-90571976,2024-05-01 03:28:09,2024-04-26 04:49:44,139,1000,Scheduled,86,14
1061,XQ-22136905,2024-05-04 16:26:29,2024-04-23 01:18:26,86,1000,Scheduled,57,44
1062,EE-73724552,2024-05-15 13:54:49,2024-05-02 06:19:16,133,1000,Delayed,178,11
1063,KR-53725840,2024-05-14 10:16:35,2024-04-27 02:10:56,190,1000,Boarding,153,40
1064,WD-28945438,2024-04-23 22:05:47,2024-05-16 06:23:18,175,1000,Gate Change,59,12
1065,YD-85055706,2024-05-02 13:33:48,2024-04-26 18:49:58,110,1000,Cancelled,148,25
1066,IF-74235155,2024-05-12 03:46:17,2024-05-19 08:38:52,72,1000,Cancelled,67,12
1067,TG-88378444,2024-05-13 08:00:59,2024-04-21 02:04:47,178,1000,Scheduled,159,47
1068,HU-74578440,2024-04-30 12:10:31,2024-04-28 01:28:27,139,1000,Arrived,162,5
1069,QB-08264160,2024-05-10 19:20:50,2024-05-05 08:08:15,38,1000,Landed,28,34
1070,RH-30898952,2024-05-12 14:33:44,2024-04-21 08:08:02,126,1000,Landed,114,36
1071,OW-96747498,2024-05-12 00:14:18,2024-05-13 05:04:01,153,1000,Landed,175,10
1072,WG-60479105,2024-04-29 08:19:11,2024-04-28 13:11:43,30,1000,Arrived,76,24
1073,AC-87701903,2024-05-08 20:08:41,2024-04-25 14:15:52,37,1000,Boarding,39,49
1074,LI-76600946,2024-05-20 01:17:30,2024-05-20 03:15:25,81,1000,Delayed,88,7
1075,HX-38628019,2024-04-28 11:35:34,2024-04-26 18:44:27,133,1000,Boarding,193,40
1076,YJ-94482562,2024-04-22 05:33:03,2024-05-12 06:38:00,150,1000,In Air,118,29
1077,LF-33206134,2024-05-08 00:58:40,2024-05-15 02:32:19,137,1000,Departed,168,18
1078,YP-36919534,2024-05-16 04:57:01,2024-05-12 03:58:05,106,1000,Landed,88,20
1079,MW-55239971,2024-04-23 15:05:26,2024-05-11 10:29:39,187,1000,Maintenance,93,36
1080,IE-29416546,2024-05-02 12:15:42,2024-04-22 16:37:36,82,1000,Gate Change,197,13
1081,AC-68070012,2024-05-16 14:18:39,2024-05-08 12:43:35,192,1000,Boarding,84,14
1082,FT-46729853,2024-04-24 16:36:54,2024-04-27 19:37:03,24,1000,Gate Change,71,19
1083,CE-29679496,2024-05-08 13:46:59,2024-04-23 05:31:15,20,1000,Arrived,44,20
1084,WD-24176097,2024-05-17 03:23:30,2024-05-09 18:51:39,35,1000,Cancelled,195,1
1085,OU-87100448,2024-04-24 23:23:56,2024-05-08 03:21:41,112,1000,Diverted,165,14
1086,PI-66253088,2024-05-12 23:45:36,2024-04-21 02:32:36,195,1000,Delayed,182,43
1087,DD-96183893,2024-04-22 10:03:20,2024-04-21 20:09:04,162,1000,Cancelled,150,23
1088,PL-77807751,2024-05-05 19:44:12,2024-05-05 11:01:54,134,1000,Diverted,121,48
1089,HC-51153179,2024-05-02 14:46:08,2024-04-26 01:36:54,154,1000,Maintenance,167,6
1090,KU-42803151,2024-05-08 21:17:55,2024-05-02 20:57:50,63,1000,Diverted,70,27
1091,YJ-98513874,2024-04-28 03:17:29,2024-05-12 20:07:00,109,1000,Boarding,133,46
1092,EI-37092726,2024-05-09 03:04:27,2024-05-04 16:28:42,137,1000,Scheduled,53,2
1093,OT-75073897,2024-05-05 13:08:26,2024-04-29 20:34:31,128,1000,Diverted,99,31
1094,CO-22242499,2024-04-28 11:40:09,2024-04-21 07:49:45,169,1000,Delayed,182,46
1095,GD-02689847,2024-05-08 09:02:28,2024-05-04 22:30:41,28,1000,Arrived,172,42
1096,TQ-91651761,2024-05-01 03:58:12,2024-05-11 12:23:31,106,1000,Gate Change,176,49
1097,YZ-68123710,2024-05-04 22:06:54,2024-05-03 07:55:59,166,1000,Maintenance,150,33
1098,XD-18390911,2024-05-19 04:26:40,2024-05-01 05:55:07,78,1000,Gate Change,100,12
1099,AF-42092953,2024-05-06 09:43:19,2024-05-09 01:57:37,107,1000,Boarding,198,7
1100,SA-32665151,2024-05-03 11:21:15,2024-05-04 09:43:29,193,1000,Arrived,101,12
1101,GN-93646070,2024-04-23 15:36:11,2024-05-06 12:01:15,44,1000,Cancelled,56,25
1102,NN-43409220,2024-05-15 22:24:01,2024-04-28 09:23:20,44,1000,Boarding,163,26
1103,CY-12945782,2024-05-02 05:13:51,2024-05-13 10:02:12,46,1000,On Time,61,41
1104,AG-40197984,2024-05-08 19:41:16,2024-05-02 19:18:35,65,1000,Gate Change,50,24
1105,RA-60147046,2024-04-30 03:35:03,2024-04-23 12:19:50,115,1000,On Time,178,43
1106,SP-72925060,2024-05-15 05:16:56,2024-05-05 12:35:11,172,1000,Boarding,60,12
1107,HO-98660235,2024-04-26 03:48:47,2024-05-20 04:57:53,52,1000,Diverted,194,21
1108,RM-75812833,2024-05-17 01:34:56,2024-04-27 18:22:21,47,1000,In Air,158,25
1109,LL-01392851,2024-04-22 10:46:08,2024-04-24 15:09:33,177,1000,Cancelled,161,1
1110,FH-19680439,2024-05-06 04:42:57,2024-05-12 12:59:10,32,1000,Gate Change,99,23
1111,DB-73261823,2024-04-23 13:53:07,2024-04-30 19:55:21,110,1000,Departed,30,50
1112,BP-25506783,2024-04-21 17:08:20,2024-05-01 02:01:41,87,1000,Arrived,54,3
1113,MC-95493289,2024-05-11 20:28:46,2024-04-30 14:39:33,90,1000,In Air,19,13
1114,NW-78578831,2024-05-16 09:10:42,2024-05-18 16:43:15,93,1000,Departed,138,28
1115,FG-47002676,2024-05-19 02:10:23,2024-05-03 16:41:13,103,1000,Landed,17,3
1116,XM-30156951,2024-04-24 11:55:41,2024-05-07 07:58:05,1,1000,Cancelled,74,9
1117,QR-42160380,2024-04-25 17:08:18,2024-04-28 14:06:03,161,1000,Delayed,186,30
1118,VY-04256485,2024-05-01 14:58:30,2024-04-23 18:12:41,197,1000,On Time,173,50
1119,XQ-12201224,2024-04-27 19:52:26,2024-05-12 21:01:23,173,1000,Gate Change,42,23
1120,YC-52591665,2024-05-14 19:04:02,2024-04-21 01:08:25,71,1000,Maintenance,15,48
1121,ZI-42781057,2024-05-06 08:40:41,2024-05-05 13:41:52,183,1000,In Air,141,47
1122,HG-83101647,2024-05-18 14:26:16,2024-05-01 01:00:50,143,1000,Scheduled,163,6
1123,XN-20155912,2024-04-29 07:46:55,2024-05-19 21:44:12,121,1000,Scheduled,179,49
1124,NL-48967803,2024-05-06 09:21:36,2024-04-22 09:08:37,50,1000,Gate Change,26,13
1125,OY-96615646,2024-04-30 18:54:09,2024-05-06 15:00:09,14,1000,In Air,62,37
1126,UM-16193619,2024-05-04 12:38:33,2024-04-25 10:49:10,75,1000,Boarding,161,4
1127,WO-52772526,2024-05-05 19:35:05,2024-05-01 12:54:35,48,1000,Maintenance,99,16
1128,SD-23828111,2024-04-28 14:34:49,2024-05-08 04:24:43,93,1000,In Air,41,13
1129,JO-68446923,2024-05-09 10:18:51,2024-04-29 03:20:13,187,1000,Departed,175,6
1130,WU-36187267,2024-05-12 12:58:08,2024-05-12 08:15:34,29,1000,Scheduled,109,3
1131,GF-19367903,2024-04-24 03:20:17,2024-05-20 21:50:26,53,1000,On Time,137,31
1132,RY-15821499,2024-05-14 09:39:57,2024-04-22 00:22:18,88,1000,Gate Change,20,26
1133,ZD-14336618,2024-05-12 16:40:03,2024-05-11 08:39:56,79,1000,Landed,71,38
1134,OW-56743501,2024-05-01 17:41:22,2024-05-16 04:37:25,96,1000,Departed,56,30
1135,MM-58504953,2024-04-25 12:13:13,2024-04-29 02:04:22,101,1000,Diverted,123,31
1136,WF-11967142,2024-04-27 16:35:30,2024-04-27 02:30:46,162,1000,Scheduled,149,9
1137,SE-49227844,2024-04-24 05:45:31,2024-05-20 22:10:08,48,1000,Gate Change,147,29
1138,EP-23121941,2024-05-15 06:58:59,2024-04-28 20:19:55,155,1000,Maintenance,55,13
1139,GI-17974202,2024-04-22 00:18:04,2024-05-08 04:31:43,147,1000,Delayed,78,1
1140,FL-02494835,2024-05-09 13:52:15,2024-05-19 13:56:44,12,1000,In Air,111,46
1141,UF-05601139,2024-04-29 23:51:52,2024-04-23 13:25:18,4,1000,Landed,145,18
1142,SO-80696757,2024-05-13 13:49:27,2024-05-03 11:36:42,32,1000,Cancelled,171,38
1143,RP-09797735,2024-05-08 15:35:30,2024-05-16 04:55:18,42,1000,In Air,10,25
1144,EG-35135120,2024-05-01 00:20:31,2024-05-15 20:47:45,50,1000,Gate Change,136,48
1145,CX-35679314,2024-05-19 04:40:32,2024-04-27 23:34:30,53,1000,Departed,123,18
1146,UI-91725941,2024-05-20 09:43:46,2024-04-30 20:06:03,116,1000,Gate Change,113,7
1147,YM-24719258,2024-05-20 14:15:28,2024-05-07 05:58:51,84,1000,On Time,133,7
1148,HO-04299720,2024-05-04 08:07:11,2024-05-14 01:45:50,126,1000,Departed,133,44
1149,VR-89788644,2024-05-04 23:49:25,2024-04-25 03:40:04,86,1000,Landed,74,18
1150,BO-59157708,2024-05-11 11:12:03,2024-05-16 21:59:24,189,1000,Gate Change,50,24
1151,UZ-00146047,2024-04-24 03:10:36,2024-04-29 21:36:12,190,1000,In Air,132,17
1152,SF-02538177,2024-05-09 05:26:55,2024-05-20 20:17:22,97,1000,Scheduled,93,38
1153,LY-90360288,2024-04-23 16:50:36,2024-04-21 23:36:22,41,1000,Cancelled,179,4
1154,RB-08025400,2024-04-30 03:34:08,2024-04-30 11:40:27,67,1000,On Time,113,23
1155,IE-70380650,2024-04-26 15:40:05,2024-05-13 13:58:03,80,1000,Arrived,105,13
1156,IP-54304981,2024-05-15 13:56:29,2024-05-09 05:24:50,96,1000,Maintenance,108,1
1157,ET-84069398,2024-04-22 13:57:37,2024-05-03 15:21:14,30,1000,Boarding,43,33
1158,SI-23111715,2024-04-30 13:31:44,2024-05-09 08:50:17,41,1000,Diverted,88,36
1159,YR-78469286,2024-04-29 06:14:37,2024-05-11 04:50:29,107,1000,Diverted,47,30
1160,YP-91200891,2024-04-27 21:11:59,2024-05-13 14:48:39,172,1000,Boarding,16,11
1161,QM-28946392,2024-04-30 02:04:29,2024-05-10 15:56:05,24,1000,Arrived,97,19
1162,AJ-00089364,2024-05-19 07:00:44,2024-05-20 02:59:25,107,1000,Boarding,77,40
1163,UG-93841022,2024-05-02 14:33:32,2024-05-01 15:21:33,189,1000,Arrived,117,27
1164,PS-96301749,2024-04-22 23:44:00,2024-04-26 02:06:55,169,1000,In Air,25,37
1165,ET-24925545,2024-05-15 21:07:18,2024-04-30 17:43:00,179,1000,Gate Change,199,5
1166,UH-73051546,2024-04-29 23:34:39,2024-04-25 07:53:07,11,1000,Landed,105,21
1167,VB-46742457,2024-05-15 20:53:45,2024-04-26 22:06:04,157,1000,Gate Change,164,26
1168,TU-30395130,2024-05-08 07:02:22,2024-05-05 12:11:58,86,1000,Departed,90,8
1169,YY-76183849,2024-05-01 19:26:52,2024-04-27 06:14:49,79,1000,Scheduled,178,7
1170,RL-35814954,2024-04-22 15:09:29,2024-05-13 09:30:41,126,1000,Scheduled,146,35
1171,YG-58986590,2024-04-24 06:58:34,2024-05-10 09:14:51,60,1000,In Air,127,16
1172,QI-11668052,2024-05-01 05:02:36,2024-05-07 16:37:16,94,1000,On Time,176,19
1173,ED-34135295,2024-05-18 14:51:50,2024-05-08 16:38:06,200,1000,Delayed,158,33
1174,DJ-14462945,2024-05-05 19:21:22,2024-05-16 23:01:11,178,1000,On Time,48,33
1175,LO-50222245,2024-05-08 13:26:40,2024-04-29 07:30:07,53,1000,Scheduled,13,50
1176,CK-57691400,2024-05-03 01:37:26,2024-05-07 14:24:30,153,1000,Cancelled,175,5
1177,WJ-39261668,2024-05-10 05:48:54,2024-05-01 15:03:37,152,1000,In Air,158,42
1178,BF-37931976,2024-05-18 15:54:20,2024-05-12 02:46:55,82,1000,Scheduled,26,16
1179,GN-79187120,2024-04-23 13:58:16,2024-05-06 00:28:34,92,1000,Gate Change,160,50
1180,MQ-38526415,2024-04-29 10:19:52,2024-05-18 09:29:22,89,1000,Gate Change,123,34
1181,KA-27027725,2024-05-02 02:39:34,2024-05-16 08:01:46,6,1000,Landed,94,38
1182,FK-01509092,2024-05-01 08:56:19,2024-05-19 07:04:22,174,1000,Departed,165,46
1183,RG-61269930,2024-04-28 22:13:26,2024-05-20 12:43:07,19,1000,On Time,130,38
1184,BH-54411217,2024-05-02 14:42:41,2024-04-23 15:44:42,134,1000,Landed,59,5
1185,ZY-41457767,2024-05-17 23:17:09,2024-04-22 02:28:40,29,1000,Gate Change,76,34
1186,QE-05764705,2024-05-03 15:48:59,2024-04-23 08:45:08,69,1000,Delayed,178,20
1187,CY-06771585,2024-05-06 11:42:28,2024-04-27 08:49:00,74,1000,Gate Change,114,46
1188,DT-02895377,2024-05-09 07:55:12,2024-05-09 22:47:18,81,1000,Scheduled,3,30
1189,WZ-41740581,2024-05-06 16:13:06,2024-04-30 11:39:32,159,1000,Arrived,122,21
1190,OW-57086562,2024-04-26 05:55:21,2024-04-26 12:59:46,76,1000,Boarding,19,3
1191,MR-07531721,2024-05-04 17:45:56,2024-05-12 19:30:56,161,1000,Scheduled,9,12
1192,IY-91200205,2024-04-23 20:07:25,2024-05-09 12:10:03,28,1000,Cancelled,9,28
1193,IS-42976091,2024-04-30 07:46:43,2024-05-02 06:21:45,63,1000,Maintenance,124,34
1194,SP-86550305,2024-05-16 19:15:21,2024-05-03 07:04:45,93,1000,Departed,167,4
1195,QH-71431341,2024-05-02 16:20:28,2024-05-03 02:54:01,29,1000,Scheduled,25,46
1196,TR-54025995,2024-05-10 02:00:30,2024-05-05 22:49:28,92,1000,Gate Change,192,10
1197,BG-70446778,2024-05-19 05:00:32,2024-05-11 07:56:18,73,1000,In Air,143,35
1198,QF-98396188,2024-05-20 17:37:15,2024-04-23 05:35:25,92,1000,Landed,122,22
1199,BF-59082946,2024-05-17 07:18:37,2024-05-04 06:15:47,107,1000,On Time,173,21
1200,UW-71172500,2024-05-17 02:36:54,2024-05-17 15:56:33,160,1000,Cancelled,21,27
1201,QM-25560581,2024-05-17 23:13:31,2024-05-07 22:32:22,48,1000,Scheduled,8,46
1202,AT-48830444,2024-05-17 22:31:09,2024-04-27 22:19:11,59,1000,Boarding,36,46
1203,EJ-46043671,2024-04-23 15:28:53,2024-05-02 13:50:49,135,1000,Departed,134,33
1204,TB-77119566,2024-05-04 00:04:32,2024-04-22 14:24:17,70,1000,Boarding,25,12
1205,IU-12218957,2024-04-27 12:58:30,2024-05-15 01:04:55,76,1000,Boarding,135,18
1206,YE-21894419,2024-05-11 18:52:45,2024-05-07 07:31:48,97,1000,Boarding,192,15
1207,YI-96654192,2024-05-18 12:08:08,2024-05-10 00:45:02,122,1000,Landed,90,20
1208,YO-83154524,2024-05-20 08:00:44,2024-05-01 16:51:36,87,1000,Arrived,146,36
1209,XP-05311800,2024-04-23 16:06:31,2024-05-10 00:54:53,60,1000,In Air,153,23
1210,CB-77295955,2024-05-12 05:33:00,2024-05-13 10:24:13,162,1000,Boarding,196,27
1211,VQ-40595857,2024-05-14 17:55:27,2024-04-26 01:56:54,75,1000,Scheduled,149,48
1212,LK-88801150,2024-05-08 02:58:56,2024-05-14 03:18:55,150,1000,Diverted,67,20
1213,RH-24165107,2024-05-15 00:45:38,2024-05-16 01:40:18,152,1000,Landed,138,21
1214,UV-39035676,2024-05-10 08:04:18,2024-05-18 18:22:17,122,1000,Boarding,51,41
1215,NX-96030062,2024-05-07 19:09:30,2024-05-03 11:44:41,65,1000,Gate Change,85,32
1216,AL-37012835,2024-05-01 02:15:54,2024-05-18 08:16:41,100,1000,Cancelled,112,42
1217,SD-67086947,2024-05-16 20:18:46,2024-05-09 13:48:30,159,1000,On Time,18,5
1218,RU-43080143,2024-05-06 17:44:57,2024-05-01 23:25:29,14,1000,Maintenance,82,35
1219,NO-13208912,2024-05-16 17:19:39,2024-04-29 23:41:07,59,1000,Diverted,136,11
1220,EO-54604919,2024-04-22 01:45:16,2024-04-27 22:52:59,100,1000,Departed,180,38
1221,WZ-15081817,2024-04-24 16:34:15,2024-05-08 01:16:01,152,1000,Delayed,93,40
1222,PJ-31541882,2024-04-30 08:43:36,2024-05-03 07:13:48,40,1000,Scheduled,85,15
1223,NA-22224192,2024-04-22 06:29:13,2024-04-24 11:47:34,113,1000,Gate Change,164,43
1224,DN-44998810,2024-05-08 08:10:44,2024-05-08 19:13:11,44,1000,Gate Change,180,25
1225,RY-39686084,2024-05-06 17:04:04,2024-04-30 18:28:09,41,1000,On Time,95,26
1226,ZL-14862085,2024-05-18 00:24:00,2024-05-03 10:11:24,197,1000,Delayed,54,19
1227,PV-47168801,2024-04-30 18:32:13,2024-04-27 17:26:15,98,1000,Arrived,21,47
1228,VC-74378155,2024-05-05 00:14:39,2024-05-04 21:07:11,50,1000,In Air,136,33
1229,BX-62398406,2024-05-08 16:13:28,2024-05-14 14:51:02,197,1000,In Air,96,31
1230,IF-89478166,2024-04-26 09:24:01,2024-05-07 22:01:44,136,1000,On Time,43,49
1231,HX-25211895,2024-05-17 04:05:53,2024-04-26 14:58:37,50,1000,Scheduled,175,16
1232,MD-95533054,2024-04-30 19:29:07,2024-05-14 09:58:11,167,1000,Scheduled,87,17
1233,ZW-45180281,2024-04-30 07:39:48,2024-05-18 22:55:26,69,1000,Departed,142,23
1234,EE-57185238,2024-04-26 11:21:10,2024-05-10 05:55:17,12,1000,Landed,153,31
1235,RU-41444657,2024-05-11 05:28:39,2024-04-29 06:48:15,172,1000,Cancelled,142,33
1236,SA-80621418,2024-05-13 17:47:47,2024-05-09 07:04:58,28,1000,Arrived,26,33
1237,FV-70809314,2024-05-15 15:16:09,2024-05-11 14:53:13,113,1000,Gate Change,144,44
1238,EP-83613958,2024-04-24 01:43:42,2024-05-02 12:50:17,7,1000,Arrived,199,13
1239,OR-12621457,2024-04-21 05:10:40,2024-04-25 17:13:43,125,1000,Arrived,85,37
1240,WN-89645502,2024-04-27 07:52:56,2024-05-20 06:50:11,149,1000,Gate Change,114,15
1241,NY-32602925,2024-04-28 07:17:22,2024-04-23 18:32:47,10,1000,Landed,92,36
1242,PE-85616514,2024-05-13 08:53:18,2024-05-11 03:27:15,146,1000,Arrived,15,1
1243,ZS-97559721,2024-05-15 11:02:13,2024-05-19 12:20:38,143,1000,Departed,87,44
1244,HT-48530095,2024-05-03 18:22:48,2024-05-09 21:58:28,36,1000,Departed,184,13
1245,DM-64174934,2024-05-01 13:06:30,2024-05-13 22:24:43,117,1000,Gate Change,125,32
1246,ZU-39722288,2024-05-11 01:07:35,2024-04-22 13:48:06,148,1000,Maintenance,4,41
1247,ZY-32932549,2024-04-26 08:29:26,2024-04-21 16:58:39,118,1000,On Time,36,34
1248,NB-94891093,2024-05-07 01:24:10,2024-05-19 02:13:11,116,1000,Delayed,195,14
1249,UX-15216190,2024-05-20 07:29:40,2024-05-06 10:44:29,35,1000,Landed,187,10
1250,RG-04246567,2024-05-08 23:06:08,2024-05-08 21:17:14,101,1000,Departed,112,3
1251,KZ-68425573,2024-04-22 06:24:31,2024-05-09 04:26:05,55,1000,On Time,46,48
1252,MR-03223321,2024-05-03 17:05:20,2024-05-04 03:30:36,99,1000,Maintenance,192,16
1253,CZ-66530536,2024-05-20 19:43:00,2024-04-29 02:03:55,188,1000,Gate Change,159,36
1254,HH-39534110,2024-05-07 15:48:47,2024-04-26 18:35:59,13,1000,Boarding,29,35
1255,TB-40972831,2024-05-17 13:19:05,2024-05-01 03:43:51,189,1000,Maintenance,63,4
1256,TD-51317059,2024-04-21 09:33:02,2024-05-02 09:56:26,87,1000,Maintenance,69,48
1257,PA-63066156,2024-05-17 01:06:31,2024-05-11 01:22:32,2,1000,Arrived,187,26
1258,ET-01303120,2024-05-01 12:36:56,2024-04-26 16:20:15,50,1000,Maintenance,97,4
1259,HL-70945224,2024-05-04 17:39:51,2024-04-30 22:25:57,158,1000,Cancelled,196,25
1260,TU-23888210,2024-05-09 11:10:03,2024-05-20 05:36:32,57,1000,Departed,19,6
1261,QW-76542542,2024-04-26 07:51:32,2024-05-14 18:46:12,89,1000,Scheduled,195,47
1262,IN-85090519,2024-05-20 12:31:59,2024-04-25 02:58:06,170,1000,Boarding,84,5
1263,RT-57920763,2024-04-22 11:49:44,2024-04-30 15:18:37,143,1000,Delayed,132,18
1264,DQ-29481444,2024-05-19 03:19:20,2024-05-10 05:19:14,199,1000,Arrived,94,8
1265,YD-61010464,2024-04-26 15:28:35,2024-05-04 19:02:05,132,1000,Diverted,62,28
1266,UF-19048508,2024-05-04 21:16:11,2024-04-24 17:34:44,175,1000,Scheduled,188,1
1267,IW-49778861,2024-05-18 10:00:25,2024-05-08 16:38:46,161,1000,Boarding,138,17
1268,KL-97269370,2024-04-27 23:56:42,2024-04-29 18:58:07,95,1000,In Air,174,37
1269,AT-13827263,2024-05-04 18:29:08,2024-04-29 13:16:06,173,1000,Boarding,20,23
1270,ZU-62627896,2024-04-22 13:03:50,2024-05-07 16:03:19,144,1000,Cancelled,102,34
1271,HI-40957671,2024-04-21 05:03:30,2024-04-24 22:28:41,110,1000,Delayed,103,40
1272,PC-10597148,2024-05-10 14:50:35,2024-05-05 00:37:04,88,1000,Departed,133,13
1273,ZP-87630135,2024-05-02 09:09:17,2024-04-22 12:15:08,123,1000,Diverted,154,47
1274,YS-79372012,2024-04-21 05:24:30,2024-05-09 16:32:57,121,1000,Gate Change,191,8
1275,EM-64572818,2024-05-02 10:02:10,2024-04-26 15:40:14,24,1000,Maintenance,153,45
1276,LW-79983049,2024-04-25 17:37:10,2024-05-02 05:00:05,31,1000,Delayed,115,29
1277,PQ-38682149,2024-05-09 16:12:05,2024-05-04 22:25:05,113,1000,Delayed,46,50
1278,PA-80492893,2024-05-11 08:21:03,2024-04-24 02:09:05,48,1000,Scheduled,184,37
1279,PY-28082485,2024-05-15 00:55:00,2024-04-30 10:45:12,64,1000,Cancelled,29,25
1280,EG-71819293,2024-05-19 04:09:03,2024-05-09 23:27:53,110,1000,Cancelled,53,19
1281,MG-95212821,2024-04-23 18:07:56,2024-04-22 04:35:03,21,1000,On Time,127,2
1282,YL-39529042,2024-05-17 03:17:38,2024-05-20 11:25:00,44,1000,Landed,54,14
1283,XS-88631709,2024-04-27 14:20:51,2024-05-14 00:41:27,53,1000,Gate Change,100,16
1284,IM-86470364,2024-04-29 10:29:49,2024-05-08 01:14:14,143,1000,Arrived,53,37
1285,QW-13449810,2024-04-24 08:51:32,2024-05-13 17:19:30,46,1000,In Air,183,47
1286,UY-47312209,2024-04-21 13:13:59,2024-05-08 22:00:36,181,1000,Departed,15,17
1287,QB-14077962,2024-04-30 02:08:02,2024-04-24 06:07:06,31,1000,Arrived,81,41
1288,KD-44964715,2024-05-20 15:57:27,2024-04-23 14:52:39,139,1000,Cancelled,179,49
1289,CI-44680995,2024-05-03 23:42:10,2024-05-04 18:45:31,112,1000,Arrived,56,3
1290,OL-51241728,2024-04-23 19:05:33,2024-05-14 05:50:04,73,1000,Cancelled,39,25
1291,VL-68429250,2024-05-07 10:16:39,2024-04-26 11:27:53,77,1000,Arrived,75,18
1292,VP-74737563,2024-05-11 22:51:24,2024-04-28 05:17:21,135,1000,Arrived,52,48
1293,CV-99659165,2024-04-24 08:58:50,2024-04-26 07:05:20,26,1000,In Air,174,12
1294,VJ-93048815,2024-04-29 13:14:40,2024-05-15 12:46:43,50,1000,Arrived,75,26
1295,LE-38762012,2024-05-06 16:37:11,2024-05-07 00:31:17,71,1000,Landed,48,5
1296,CR-59901692,2024-05-01 12:24:38,2024-05-18 23:55:16,128,1000,Maintenance,133,43
1297,ZS-48968621,2024-05-12 05:29:28,2024-05-11 07:28:07,37,1000,Maintenance,79,4
1298,PO-64327582,2024-04-23 15:00:58,2024-05-13 10:57:09,32,1000,Delayed,100,7
1299,GB-48639549,2024-04-27 05:02:25,2024-04-28 06:07:54,34,1000,Scheduled,176,39
1300,KR-22133939,2024-05-19 17:56:42,2024-05-06 01:52:43,125,1000,Arrived,58,39
1301,GI-94362657,2024-05-06 00:32:17,2024-04-29 09:47:40,86,1000,Maintenance,54,33
1302,HN-98845171,2024-05-15 05:52:53,2024-05-09 05:09:30,141,1000,Departed,165,9
1303,PF-86139473,2024-04-25 06:34:09,2024-05-10 11:52:50,124,1000,Scheduled,7,13
1304,TI-09734716,2024-05-20 02:57:02,2024-04-21 04:19:50,9,1000,Gate Change,72,12
1305,QK-99892271,2024-04-22 00:04:16,2024-04-26 20:09:08,166,1000,On Time,40,6
1306,DU-21507874,2024-05-18 09:05:50,2024-05-04 06:17:28,160,1000,Cancelled,110,35
1307,FL-66696420,2024-04-21 14:05:07,2024-05-08 13:00:15,21,1000,Arrived,29,7
1308,OK-95964900,2024-05-07 05:00:31,2024-05-10 16:50:57,17,1000,Delayed,79,3
1309,ZC-02373844,2024-05-03 10:53:54,2024-04-25 00:10:21,195,1000,Departed,3,23
1310,PF-40532425,2024-04-27 20:41:45,2024-05-12 03:43:56,14,1000,Landed,22,15
1311,HZ-52007337,2024-05-09 06:41:53,2024-04-24 22:10:22,110,1000,In Air,176,27
1312,HT-40906503,2024-05-06 16:53:50,2024-05-12 02:18:41,20,1000,Delayed,198,39
1313,SK-05980703,2024-04-30 10:52:23,2024-05-04 02:31:30,161,1000,Diverted,82,14
1314,RJ-66020274,2024-05-05 16:04:42,2024-04-25 07:39:01,179,1000,On Time,101,40
1315,GY-00184471,2024-04-26 06:40:54,2024-05-13 09:29:15,63,1000,Delayed,111,50
1316,UX-31785467,2024-05-12 06:05:51,2024-05-05 09:34:12,25,1000,Arrived,164,17
1317,DN-50359803,2024-04-22 02:34:44,2024-05-06 08:50:03,162,1000,Diverted,41,5
1318,PX-64562494,2024-05-09 10:07:31,2024-04-25 01:08:22,64,1000,Maintenance,189,8
1319,UG-88019470,2024-05-03 05:55:16,2024-05-09 07:28:43,55,1000,On Time,161,10
1320,LX-14252375,2024-05-13 11:38:21,2024-04-29 14:18:26,149,1000,Arrived,63,28
1321,JA-45012931,2024-05-18 15:52:52,2024-05-02 09:00:04,140,1000,Arrived,154,38
1322,WQ-12330452,2024-04-23 17:32:20,2024-04-26 08:13:08,59,1000,Diverted,22,4
1323,YZ-92096724,2024-04-23 15:02:30,2024-05-14 18:21:13,42,1000,Delayed,59,4
1324,HQ-55724885,2024-05-08 15:52:26,2024-05-18 10:36:03,124,1000,Landed,3,6
1325,LO-22358276,2024-05-02 03:02:10,2024-04-23 12:31:20,49,1000,Gate Change,4,42
1326,PW-84361353,2024-05-15 14:02:44,2024-05-18 18:59:05,57,1000,Delayed,40,32
1327,BY-71336816,2024-04-21 17:14:51,2024-04-21 14:03:59,116,1000,Boarding,142,30
1328,YJ-86537595,2024-05-16 15:06:55,2024-05-10 05:57:27,130,1000,Arrived,21,37
1329,KH-50092902,2024-04-27 14:32:45,2024-04-28 21:38:04,120,1000,In Air,169,1
1330,GA-10579362,2024-05-11 08:36:21,2024-05-03 01:28:29,67,1000,Landed,39,14
1331,JU-83098569,2024-05-04 05:12:30,2024-04-23 19:55:10,124,1000,Departed,160,27
1332,FO-12941823,2024-05-18 18:06:00,2024-05-05 02:56:09,191,1000,Maintenance,187,38
1333,VQ-61547374,2024-05-08 14:11:44,2024-05-11 05:39:50,46,1000,Boarding,70,38
1334,JA-74765554,2024-05-18 16:33:30,2024-05-02 21:43:48,133,1000,Maintenance,158,21
1335,XI-40242660,2024-05-11 03:02:19,2024-05-15 14:57:33,8,1000,Boarding,2,40
1336,KN-93668581,2024-05-09 17:20:01,2024-04-25 16:22:14,72,1000,Departed,114,48
1337,EW-82159092,2024-05-05 00:20:22,2024-05-10 20:08:55,154,1000,Departed,138,18
1338,VR-45568398,2024-05-17 10:31:19,2024-05-02 20:56:32,110,1000,Boarding,55,17
1339,ND-26589479,2024-05-15 02:27:06,2024-04-26 16:50:49,102,1000,Departed,1,6
1340,KB-93068802,2024-04-30 14:50:33,2024-05-05 06:07:32,20,1000,Gate Change,98,10
1341,HA-97205101,2024-05-09 13:14:32,2024-04-27 13:27:05,75,1000,Cancelled,115,24
1342,LH-17182462,2024-04-22 20:30:50,2024-05-02 19:34:41,141,1000,Scheduled,2,46
1343,YI-00419688,2024-04-23 17:33:13,2024-05-17 21:59:41,65,1000,Delayed,105,17
1344,SP-80129646,2024-05-18 23:17:51,2024-05-19 05:18:42,74,1000,Scheduled,36,23
1345,YP-04073797,2024-05-10 12:10:51,2024-05-14 11:07:16,13,1000,Maintenance,185,7
1346,BB-97018827,2024-05-10 01:01:20,2024-04-30 12:10:03,13,1000,Cancelled,81,3
1347,HV-54505824,2024-05-01 17:33:55,2024-04-26 12:38:11,22,1000,On Time,53,25
1348,OQ-57749044,2024-05-10 07:59:44,2024-05-16 07:48:27,106,1000,Landed,142,19
1349,NI-60204281,2024-04-30 06:23:46,2024-05-06 04:15:11,29,1000,Cancelled,15,36
1350,AH-42257831,2024-04-24 23:15:38,2024-04-26 09:19:44,30,1000,On Time,67,47
1351,WX-11394025,2024-04-23 14:54:41,2024-05-10 05:40:14,119,1000,Arrived,104,10
1352,IQ-16614884,2024-04-29 07:36:27,2024-04-27 16:54:03,28,1000,Landed,132,39
1353,VV-58804099,2024-04-22 06:50:01,2024-05-12 02:15:36,49,1000,Maintenance,190,10
1354,FG-46258065,2024-05-20 14:56:14,2024-05-10 02:34:08,68,1000,In Air,140,19
1355,YV-76220822,2024-05-17 13:41:17,2024-05-19 09:03:05,76,1000,Cancelled,112,22
1356,XJ-95119617,2024-05-08 06:24:16,2024-05-03 12:11:26,33,1000,Delayed,114,38
1357,LI-07659894,2024-05-19 22:07:27,2024-05-15 20:46:21,70,1000,Landed,9,45
1358,UP-24063081,2024-05-10 11:55:18,2024-04-28 20:19:10,73,1000,Diverted,156,36
1359,YK-26382707,2024-05-15 09:10:19,2024-04-27 00:50:20,121,1000,Cancelled,149,19
1360,YP-15817678,2024-04-25 09:59:44,2024-05-20 15:26:49,25,1000,Gate Change,133,50
1361,AO-66697539,2024-05-01 12:13:50,2024-04-21 16:45:26,38,1000,Delayed,182,19
1362,TN-30396412,2024-05-03 00:55:51,2024-05-16 21:40:12,35,1000,Diverted,21,26
1363,IE-43522706,2024-05-05 04:06:54,2024-05-12 15:10:30,179,1000,Scheduled,49,8
1364,WI-01836501,2024-04-27 21:21:53,2024-05-18 13:33:56,16,1000,In Air,70,38
1365,OZ-99076966,2024-04-25 07:51:20,2024-04-26 07:05:27,62,1000,Diverted,153,18
1366,WA-06464323,2024-04-28 23:36:39,2024-05-07 18:43:20,146,1000,Landed,25,44
1367,VJ-60782136,2024-05-20 12:10:51,2024-05-20 19:10:27,65,1000,Cancelled,150,22
1368,NJ-50831875,2024-05-02 07:29:12,2024-05-14 01:11:57,168,1000,Departed,188,6
1369,IC-69983934,2024-04-28 07:18:05,2024-04-22 20:56:18,10,1000,In Air,190,33
1370,VY-70438659,2024-04-24 16:23:48,2024-04-28 12:33:10,67,1000,Boarding,144,3
1371,AY-02621350,2024-05-14 03:16:23,2024-05-04 15:38:50,27,1000,Gate Change,129,17
1372,HS-04184361,2024-04-30 02:13:23,2024-05-19 10:50:42,131,1000,Cancelled,87,24
1373,LI-24235657,2024-05-14 21:57:44,2024-04-28 10:07:51,77,1000,Delayed,31,29
1374,RW-95042936,2024-05-11 20:09:14,2024-05-04 02:55:57,193,1000,Delayed,56,48
1375,QA-67656173,2024-05-08 23:14:38,2024-05-06 02:00:27,109,1000,Cancelled,58,12
1376,BG-04034650,2024-05-18 07:28:43,2024-04-30 20:28:06,39,1000,Boarding,200,48
1377,YA-53958459,2024-05-09 22:10:00,2024-05-16 09:04:02,183,1000,Landed,156,33
1378,PE-42590257,2024-05-07 21:41:43,2024-05-07 12:58:02,182,1000,Diverted,28,47
1379,FF-96359200,2024-05-07 03:12:58,2024-05-12 19:20:17,30,1000,Gate Change,63,48
1380,DC-35533297,2024-04-23 07:47:11,2024-05-14 10:00:27,194,1000,Diverted,79,29
1381,IW-99692455,2024-04-25 03:58:12,2024-05-09 03:38:05,127,1000,Scheduled,13,7
1382,OT-43990268,2024-04-23 18:44:14,2024-05-20 22:03:44,188,1000,Diverted,10,45
1383,LK-39038389,2024-05-13 21:04:15,2024-04-30 13:59:29,74,1000,Cancelled,165,16
1384,LW-62048948,2024-04-21 19:27:32,2024-05-18 17:27:42,51,1000,Boarding,145,35
1385,UF-93020116,2024-04-25 11:42:18,2024-05-13 10:55:01,109,1000,Landed,62,15
1386,JQ-17083627,2024-05-10 10:04:23,2024-04-23 10:06:16,146,1000,Landed,45,30
1387,ZQ-50520556,2024-05-09 07:20:48,2024-05-02 08:58:54,14,1000,Maintenance,98,37
1388,PO-94066117,2024-05-04 12:03:50,2024-05-06 09:39:51,39,1000,On Time,172,9
1389,EI-72099161,2024-04-22 05:51:28,2024-05-14 14:37:30,34,1000,Departed,88,29
1390,LU-12290099,2024-04-21 09:11:28,2024-04-27 01:45:05,26,1000,Scheduled,116,8
1391,SO-38347423,2024-05-10 09:25:56,2024-05-18 07:22:01,180,1000,Gate Change,56,5
1392,KI-21913233,2024-05-02 17:58:22,2024-04-21 07:43:28,107,1000,Diverted,59,27
1393,RH-14300414,2024-05-15 16:07:36,2024-05-16 04:27:52,200,1000,On Time,113,2
1394,HZ-94227346,2024-05-10 09:01:31,2024-05-04 08:12:27,36,1000,Delayed,195,34
1395,SW-62894473,2024-05-05 03:51:21,2024-05-01 03:28:48,195,1000,Boarding,64,12
1396,EJ-14106772,2024-05-18 04:08:54,2024-05-15 08:03:55,93,1000,In Air,139,23
1397,JQ-82584088,2024-05-11 14:16:58,2024-05-18 17:28:19,69,1000,Cancelled,78,16
1398,QT-30248821,2024-05-20 16:49:19,2024-04-23 01:42:58,176,1000,Gate Change,86,6
1399,YQ-73121960,2024-04-26 05:54:15,2024-05-15 08:20:38,164,1000,Arrived,69,22
1400,VR-28289004,2024-04-26 23:45:32,2024-05-06 06:42:33,169,1000,Maintenance,21,19
1401,OZ-85243989,2024-05-17 23:46:39,2024-05-18 07:48:43,127,1000,Delayed,137,35
1402,WP-07108963,2024-05-19 19:09:37,2024-05-09 02:11:56,181,1000,Arrived,62,46
1403,WE-31594089,2024-04-29 05:23:38,2024-04-27 20:40:09,159,1000,Cancelled,178,8
1404,PI-44986713,2024-05-06 18:45:53,2024-05-06 13:46:54,161,1000,In Air,70,31
1405,OH-13697619,2024-05-09 13:05:46,2024-05-19 05:19:17,101,1000,Gate Change,4,9
1406,AF-30111568,2024-05-01 22:15:03,2024-04-30 08:10:07,175,1000,Delayed,158,28
1407,IT-99379977,2024-04-30 00:37:54,2024-05-13 09:57:49,57,1000,In Air,150,41
1408,TR-74675600,2024-05-05 16:47:36,2024-05-14 12:28:58,134,1000,Maintenance,123,14
1409,NC-29186457,2024-04-22 21:19:44,2024-05-09 03:59:23,73,1000,Cancelled,65,41
1410,YZ-15404418,2024-04-21 14:00:04,2024-05-20 08:20:10,79,1000,Arrived,137,33
1411,UK-97534231,2024-04-30 15:22:55,2024-05-16 14:23:51,179,1000,Gate Change,117,31
1412,SX-85178427,2024-04-25 10:18:28,2024-05-20 11:45:34,79,1000,Landed,95,19
1413,PU-24462749,2024-04-29 15:21:19,2024-05-17 06:39:37,45,1000,Landed,52,35
1414,RF-83143452,2024-05-14 09:12:07,2024-04-27 03:58:33,175,1000,Delayed,199,5
1415,TO-96307124,2024-05-14 23:52:53,2024-04-25 09:31:45,16,1000,Scheduled,182,5
1416,SY-39427350,2024-05-11 05:11:23,2024-05-15 12:16:59,154,1000,On Time,136,27
1417,VP-50937878,2024-05-19 09:48:24,2024-05-14 05:50:56,159,1000,Delayed,125,33
1418,CB-81478498,2024-05-16 08:22:02,2024-05-01 10:14:10,129,1000,Diverted,187,18
1419,BX-37718399,2024-05-20 08:54:36,2024-04-27 01:30:54,21,1000,Landed,93,3
1420,WJ-25389047,2024-04-28 04:38:53,2024-04-27 11:56:45,174,1000,On Time,55,3
1421,NL-25009207,2024-05-12 20:16:38,2024-04-28 13:10:33,6,1000,Scheduled,198,30
1422,KA-68846249,2024-05-18 02:14:56,2024-04-29 04:44:47,176,1000,Scheduled,141,20
1423,ZL-35651234,2024-04-30 19:53:49,2024-05-18 15:57:48,126,1000,Delayed,192,14
1424,FM-00550616,2024-05-08 07:39:13,2024-05-10 07:21:57,37,1000,Diverted,52,27
1425,JV-86517695,2024-05-09 17:20:39,2024-04-22 06:06:39,169,1000,Gate Change,3,32
1426,NC-76582179,2024-04-21 22:42:10,2024-04-23 20:58:07,124,1000,Scheduled,39,47
1427,HY-91524268,2024-05-01 22:23:54,2024-05-03 19:37:14,83,1000,Scheduled,153,8
1428,GX-43873161,2024-05-05 02:20:16,2024-04-24 01:30:13,9,1000,Cancelled,7,47
1429,UU-63041391,2024-04-30 16:35:38,2024-05-16 06:01:00,15,1000,Diverted,142,46
1430,RV-14298206,2024-04-21 18:55:14,2024-05-14 03:57:45,180,1000,In Air,168,15
1431,LM-09402037,2024-05-03 01:48:10,2024-05-11 00:48:43,76,1000,On Time,185,26
1432,NY-09217706,2024-05-09 21:10:17,2024-05-08 04:33:37,37,1000,Maintenance,51,24
1433,RB-83710394,2024-04-30 03:22:30,2024-05-10 04:54:49,127,1000,Scheduled,43,1
1434,VR-35497881,2024-05-17 09:19:28,2024-05-10 22:35:47,154,1000,Delayed,199,36
1435,LI-82705728,2024-04-21 05:18:05,2024-05-06 03:53:33,84,1000,Gate Change,196,41
1436,AX-83388083,2024-05-11 12:28:33,2024-05-15 02:07:07,38,1000,Scheduled,128,13
1437,UR-36614348,2024-05-14 19:11:33,2024-04-29 07:39:27,1,1000,In Air,132,49
1438,MW-44863630,2024-04-21 11:12:37,2024-04-26 02:46:40,109,1000,Boarding,184,29
1439,WT-64134914,2024-05-18 17:36:46,2024-05-08 22:04:30,126,1000,Departed,147,25
1440,OD-48829464,2024-05-02 10:29:37,2024-04-26 21:28:00,80,1000,Boarding,15,9
1441,RK-54212423,2024-04-24 01:57:38,2024-04-24 07:22:41,5,1000,Cancelled,173,2
1442,KI-13593487,2024-04-23 07:46:33,2024-05-18 13:54:00,96,1000,Arrived,88,29
1443,XX-69146259,2024-04-27 19:50:10,2024-05-17 16:13:32,126,1000,Gate Change,49,5
1444,FI-21144733,2024-05-05 01:35:45,2024-04-24 23:27:51,126,1000,Maintenance,27,4
1445,ER-84396206,2024-05-01 07:05:54,2024-04-30 00:56:40,82,1000,Arrived,126,43
1446,DM-84956583,2024-05-13 05:25:55,2024-05-17 04:22:33,48,1000,Departed,153,7
1447,KV-91483028,2024-05-04 19:38:27,2024-05-14 14:47:17,161,1000,Diverted,29,13
1448,RD-48301635,2024-05-08 08:51:30,2024-04-30 21:02:14,145,1000,Delayed,49,10
1449,LG-07928104,2024-05-16 19:47:54,2024-04-26 08:26:56,78,1000,Boarding,200,35
1450,AV-24354864,2024-05-08 10:35:33,2024-05-01 02:42:08,101,1000,Maintenance,67,43
1451,UI-15968294,2024-04-26 19:42:15,2024-04-23 19:23:19,4,1000,Scheduled,31,24
1452,EQ-72151772,2024-05-16 13:52:33,2024-05-12 00:21:46,37,1000,Boarding,22,28
1453,LG-57935340,2024-05-16 15:30:23,2024-05-01 23:37:04,163,1000,On Time,105,3
1454,RB-34994893,2024-05-09 16:01:00,2024-05-04 04:06:15,56,1000,Delayed,196,35
1455,XW-92022335,2024-05-14 08:51:17,2024-05-04 13:54:04,174,1000,Cancelled,154,5
1456,TR-52707060,2024-05-17 05:02:51,2024-04-22 08:45:11,101,1000,Diverted,175,23
1457,YX-45550530,2024-04-23 18:21:52,2024-04-30 22:00:40,104,1000,Boarding,53,28
1458,NY-81286462,2024-05-17 20:19:06,2024-05-14 13:19:27,167,1000,Scheduled,171,19
1459,CA-69097615,2024-05-07 08:56:11,2024-05-11 06:03:56,191,1000,On Time,16,45
1460,MS-95781918,2024-05-14 15:52:43,2024-05-18 06:32:11,65,1000,On Time,169,42
1461,SK-08233116,2024-04-23 20:19:17,2024-04-25 13:51:55,149,1000,In Air,20,34
1462,YR-03683524,2024-05-08 19:47:58,2024-04-28 02:09:51,49,1000,Departed,10,26
1463,KU-97139265,2024-05-19 21:39:03,2024-05-01 07:50:13,110,1000,Landed,30,1
1464,XI-83044711,2024-05-15 23:32:49,2024-05-07 16:53:14,56,1000,Delayed,149,23
1465,LO-26880100,2024-04-25 12:34:56,2024-05-03 03:11:27,15,1000,Scheduled,170,11
1466,WN-51389352,2024-05-18 16:04:36,2024-05-16 08:02:53,4,1000,Scheduled,180,3
1467,NZ-50029538,2024-05-13 21:29:49,2024-05-07 22:33:39,91,1000,Departed,86,13
1468,XM-39688726,2024-04-25 00:17:52,2024-04-22 19:11:21,21,1000,Departed,129,9
1469,VE-90778113,2024-04-25 04:59:40,2024-04-29 05:15:36,104,1000,Diverted,80,19
1470,KB-08427882,2024-05-07 23:23:55,2024-04-26 06:30:28,55,1000,Cancelled,160,17
1471,IF-21814488,2024-05-05 00:02:02,2024-04-23 23:00:36,178,1000,Maintenance,145,43
1472,ED-58511488,2024-05-17 13:46:12,2024-04-30 23:17:35,66,1000,Arrived,131,14
1473,AC-77030009,2024-05-18 07:47:57,2024-04-24 06:17:51,113,1000,Arrived,160,18
1474,YZ-90067774,2024-05-19 11:16:57,2024-05-12 12:02:01,111,1000,Boarding,62,28
1475,PK-48067766,2024-05-14 07:38:22,2024-05-10 20:01:05,168,1000,Arrived,124,3
1476,BY-16317254,2024-04-24 10:19:26,2024-05-17 14:34:05,67,1000,On Time,156,9
1477,RY-16530761,2024-05-12 01:32:39,2024-04-23 10:31:13,33,1000,Gate Change,54,48
1478,VB-18289616,2024-05-15 04:47:58,2024-05-15 06:41:58,12,1000,In Air,143,50
1479,BY-69255213,2024-05-16 01:45:38,2024-05-16 13:26:51,141,1000,Boarding,200,32
1480,GM-55824330,2024-05-18 10:37:34,2024-05-02 10:25:02,102,1000,Boarding,104,41
1481,OV-40124917,2024-04-25 13:17:08,2024-04-23 06:25:36,171,1000,Scheduled,117,40
1482,GZ-37951969,2024-05-14 20:07:51,2024-05-04 01:22:00,66,1000,Landed,181,14
1483,CK-48593350,2024-05-20 14:28:11,2024-05-04 04:16:49,10,1000,Diverted,183,35
1484,VQ-28414659,2024-05-12 14:30:24,2024-05-18 22:54:16,43,1000,Departed,19,47
1485,QE-22297206,2024-05-06 10:48:02,2024-05-07 16:03:42,16,1000,On Time,34,30
1486,GP-01988791,2024-05-05 16:58:54,2024-05-07 16:49:25,150,1000,Departed,72,17
1487,IB-77949094,2024-05-14 23:21:16,2024-05-05 00:15:14,111,1000,Departed,101,48
1488,LJ-64808811,2024-05-05 07:30:30,2024-04-27 06:21:30,118,1000,Departed,123,48
1489,YS-26324863,2024-05-02 09:50:13,2024-05-09 23:58:56,39,1000,Delayed,81,31
1490,RO-49305042,2024-05-20 12:54:12,2024-05-09 00:16:19,122,1000,Scheduled,89,2
1491,UV-81033701,2024-05-19 23:22:08,2024-05-13 01:17:04,170,1000,Maintenance,91,19
1492,HV-65790911,2024-04-29 15:48:46,2024-05-06 15:00:38,21,1000,Cancelled,94,47
1493,EP-47125101,2024-04-30 21:45:36,2024-05-12 16:13:46,58,1000,Boarding,53,19
1494,SR-70196657,2024-05-06 00:25:02,2024-05-10 05:13:43,146,1000,Departed,167,42
1495,NB-72341481,2024-04-23 19:24:19,2024-04-30 12:48:08,99,1000,Boarding,93,46
1496,LL-27682867,2024-05-11 14:07:00,2024-05-09 18:36:04,39,1000,Cancelled,162,1
1497,XB-66929765,2024-04-28 21:53:02,2024-05-03 15:51:27,85,1000,Diverted,93,29
1498,HU-89265126,2024-04-26 04:07:27,2024-04-30 09:17:34,30,1000,Diverted,92,6
1499,VZ-93695194,2024-04-30 04:49:44,2024-05-09 23:08:45,96,1000,Cancelled,123,32
1500,WI-24423064,2024-05-16 08:30:13,2024-05-10 22:23:17,27,1000,Gate Change,11,22
1501,PS-41124853,2024-05-18 20:14:31,2024-05-14 11:53:44,137,1000,Gate Change,146,4
1502,GL-38558138,2024-04-28 21:16:40,2024-05-03 23:29:59,151,1000,Delayed,178,35
1503,NG-48592230,2024-05-06 13:36:45,2024-05-14 17:12:48,62,1000,Gate Change,7,6
1504,RE-78942904,2024-05-19 12:39:05,2024-04-27 13:46:20,75,1000,Scheduled,38,45
1505,HV-08299672,2024-05-06 14:33:17,2024-04-25 11:31:54,162,1000,Maintenance,100,34
1506,DY-49678335,2024-04-22 12:34:25,2024-04-22 06:50:38,13,1000,Landed,31,24
1507,PE-42934304,2024-05-12 02:56:58,2024-05-17 05:22:10,120,1000,Delayed,94,26
1508,BE-91144908,2024-05-16 08:05:43,2024-05-01 10:35:04,55,1000,Departed,28,26
1509,WE-98947190,2024-05-03 04:44:04,2024-05-05 11:20:49,80,1000,Diverted,100,7
1510,TT-28242870,2024-05-08 17:06:16,2024-05-03 18:43:58,108,1000,In Air,163,43
1511,CK-56236637,2024-04-26 21:49:14,2024-04-26 17:10:04,4,1000,Arrived,1,20
1512,MA-09451048,2024-04-25 20:43:09,2024-05-03 23:57:23,55,1000,Departed,200,44
1513,TZ-11526419,2024-05-16 23:19:56,2024-05-08 00:13:12,68,1000,Departed,14,22
1514,JL-37218127,2024-04-26 23:16:07,2024-05-17 07:44:59,123,1000,On Time,89,2
1515,DM-15967364,2024-04-26 12:20:40,2024-05-20 15:31:40,38,1000,On Time,104,21
1516,SI-10792345,2024-05-12 17:56:35,2024-05-16 12:36:43,143,1000,Arrived,92,3
1517,VZ-73736744,2024-05-10 09:17:43,2024-05-01 15:56:00,162,1000,Boarding,115,41
1518,KJ-02054045,2024-04-29 13:27:41,2024-05-07 22:45:07,128,1000,In Air,136,30
1519,GE-53147709,2024-04-27 23:30:25,2024-05-12 02:33:52,69,1000,Arrived,111,1
1520,JK-76259604,2024-05-03 03:51:22,2024-05-17 19:32:14,66,1000,Gate Change,196,39
1521,GE-82528791,2024-05-13 02:51:13,2024-05-06 20:09:45,36,1000,In Air,78,20
1522,JD-27426539,2024-05-14 17:55:30,2024-05-17 15:14:51,165,1000,Diverted,42,12
1523,NW-77011302,2024-05-09 16:08:07,2024-05-18 17:53:31,154,1000,Cancelled,169,48
1524,NE-45652345,2024-05-10 16:40:59,2024-04-26 06:36:18,129,1000,Cancelled,65,9
1525,EW-03963925,2024-05-14 15:28:50,2024-04-26 21:10:48,151,1000,Maintenance,89,37
1526,ZM-99610910,2024-05-10 15:57:34,2024-05-14 23:33:24,119,1000,Boarding,173,13
1527,EM-77794263,2024-05-13 13:18:47,2024-04-29 01:36:36,185,1000,Departed,143,16
1528,LP-68291452,2024-05-12 12:37:40,2024-05-02 07:06:39,126,1000,Maintenance,68,48
1529,MF-15438190,2024-04-21 18:44:41,2024-05-03 21:41:16,125,1000,Cancelled,198,6
1530,IX-34235431,2024-04-23 09:10:52,2024-04-21 05:49:29,9,1000,Arrived,156,19
1531,AG-59295150,2024-05-16 01:39:04,2024-05-20 22:17:00,184,1000,Boarding,193,37
1532,TQ-86840857,2024-05-13 10:02:39,2024-05-20 00:37:05,141,1000,Landed,155,50
1533,MH-35783944,2024-04-21 23:07:24,2024-04-27 12:47:05,72,1000,Arrived,2,32
1534,PO-14361007,2024-05-04 01:08:36,2024-05-03 12:44:31,37,1000,Boarding,14,49
1535,UP-40679065,2024-04-23 14:16:55,2024-05-12 05:07:32,112,1000,In Air,47,32
1536,QO-61275789,2024-05-03 11:16:09,2024-05-11 01:19:15,47,1000,Scheduled,126,45
1537,LB-01260723,2024-05-15 16:00:24,2024-04-26 19:14:15,11,1000,On Time,54,16
1538,FK-54607756,2024-04-30 16:37:44,2024-04-27 01:16:42,175,1000,Scheduled,125,6
1539,BI-44652152,2024-05-16 05:21:26,2024-04-22 01:07:40,12,1000,Maintenance,76,21
1540,HH-49313249,2024-05-11 06:32:54,2024-04-27 07:19:39,59,1000,Cancelled,102,15
1541,AV-52998817,2024-05-18 10:13:15,2024-05-08 00:29:17,20,1000,Cancelled,37,38
1542,VE-63058411,2024-05-08 10:07:48,2024-04-27 14:27:39,106,1000,Arrived,194,28
1543,WS-75730201,2024-04-21 16:11:46,2024-04-29 17:20:14,16,1000,Boarding,43,36
1544,JU-02583850,2024-04-21 08:05:48,2024-05-16 17:08:13,193,1000,Gate Change,149,37
1545,YS-35424929,2024-05-08 14:41:02,2024-05-04 22:31:43,130,1000,Delayed,131,7
1546,LW-28193411,2024-04-22 00:02:55,2024-05-19 03:34:04,18,1000,Landed,102,20
1547,SV-07512662,2024-05-04 20:00:10,2024-04-28 16:04:53,130,1000,On Time,109,34
1548,TJ-14863167,2024-05-01 16:06:19,2024-04-29 04:44:36,156,1000,In Air,163,42
1549,AH-52102162,2024-05-06 10:10:59,2024-05-16 21:20:57,12,1000,In Air,146,41
1550,NI-41272403,2024-05-08 15:39:31,2024-05-11 09:40:59,65,1000,Gate Change,197,47
1551,IB-25073435,2024-05-12 04:07:49,2024-04-22 04:33:22,189,1000,Scheduled,110,22
1552,AZ-35303059,2024-05-08 09:31:00,2024-04-22 05:18:17,4,1000,On Time,193,37
1553,SH-40872162,2024-04-30 08:51:52,2024-05-03 23:06:29,143,1000,Departed,47,26
1554,TS-94270607,2024-04-26 00:57:40,2024-04-28 04:22:22,105,1000,Delayed,75,47
1555,PI-99107437,2024-05-15 06:27:13,2024-05-09 12:28:16,53,1000,Scheduled,106,49
1556,ZM-10122049,2024-05-10 07:49:00,2024-04-26 02:05:32,136,1000,Boarding,70,4
1557,SQ-75697753,2024-05-14 22:27:20,2024-04-21 21:34:59,122,1000,Boarding,164,45
1558,AS-38606337,2024-05-17 15:05:44,2024-05-08 14:46:01,40,1000,Boarding,10,20
1559,RD-88956233,2024-05-08 19:47:10,2024-04-26 01:34:55,176,1000,Diverted,58,47
1560,XB-04643973,2024-05-12 16:12:53,2024-05-17 10:23:51,163,1000,Maintenance,21,45
1561,MD-93834356,2024-04-26 00:10:29,2024-05-15 07:48:20,60,1000,Arrived,163,18
1562,CY-91627521,2024-05-02 21:46:48,2024-04-23 19:47:13,91,1000,Boarding,149,14
1563,SJ-15671683,2024-04-27 11:19:45,2024-05-17 21:37:24,116,1000,Maintenance,85,34
1564,XM-57716369,2024-04-30 13:57:43,2024-04-23 06:02:59,74,1000,Gate Change,144,43
1565,IH-38898909,2024-04-26 14:46:21,2024-05-05 00:23:58,189,1000,On Time,121,31
1566,ZX-47834435,2024-05-11 04:53:38,2024-04-27 10:31:45,75,1000,Gate Change,50,35
1567,XQ-88424381,2024-04-27 00:53:19,2024-04-28 15:42:49,55,1000,Diverted,139,14
1568,GK-91705589,2024-04-23 07:32:55,2024-05-01 10:34:15,57,1000,Arrived,103,6
1569,JW-51346319,2024-04-29 11:51:10,2024-05-02 02:43:11,186,1000,Landed,168,36
1570,KE-27978091,2024-05-06 00:32:16,2024-05-08 15:59:42,67,1000,Arrived,31,13
1571,VU-05134762,2024-05-03 16:59:07,2024-05-09 08:20:32,65,1000,Cancelled,180,2
1572,CX-98969927,2024-05-12 03:13:15,2024-05-12 12:14:06,138,1000,Boarding,83,5
1573,JM-28347660,2024-05-11 03:22:12,2024-05-15 05:43:18,134,1000,Arrived,68,19
1574,UO-33869761,2024-04-25 02:09:22,2024-05-05 11:57:53,78,1000,Departed,42,29
1575,IJ-60661010,2024-05-11 07:34:55,2024-05-17 00:11:03,14,1000,Gate Change,137,42
1576,VI-07624481,2024-05-06 23:43:46,2024-04-26 18:06:04,118,1000,Scheduled,80,18
1577,OQ-13399169,2024-05-07 18:58:08,2024-05-13 15:32:32,115,1000,On Time,103,25
1578,GK-25831170,2024-05-05 21:09:53,2024-05-17 17:54:20,144,1000,Departed,149,14
1579,XN-81013858,2024-04-26 20:39:31,2024-05-07 15:18:04,194,1000,Arrived,101,41
1580,ED-36516332,2024-05-09 19:38:56,2024-05-08 15:05:49,138,1000,Arrived,37,40
1581,DV-99069561,2024-04-24 08:25:17,2024-05-03 00:27:06,15,1000,Scheduled,147,20
1582,DX-25061825,2024-04-26 08:51:08,2024-05-16 07:53:24,184,1000,Scheduled,15,2
1583,HN-43933397,2024-04-27 13:55:08,2024-05-14 03:42:56,200,1000,On Time,134,8
1584,YI-71588979,2024-05-09 20:38:11,2024-05-01 09:25:56,30,1000,Scheduled,28,11
1585,YC-70087171,2024-05-01 04:47:26,2024-04-25 06:37:49,11,1000,Departed,189,45
1586,QU-22137593,2024-05-19 01:45:08,2024-05-03 00:44:33,73,1000,Cancelled,71,31
1587,SH-71238722,2024-05-20 01:28:14,2024-05-01 03:51:22,112,1000,Gate Change,87,13
1588,VO-11698185,2024-05-16 14:27:49,2024-04-25 10:13:45,43,1000,Delayed,137,7
1589,IB-61277340,2024-05-11 19:27:13,2024-04-23 10:36:58,40,1000,Boarding,122,13
1590,RH-19914383,2024-05-05 12:50:00,2024-05-12 04:38:20,22,1000,In Air,6,19
1591,XK-63992769,2024-05-06 10:30:16,2024-05-14 01:18:07,83,1000,Departed,61,15
1592,GV-15429187,2024-05-05 18:38:16,2024-04-23 10:22:00,117,1000,On Time,182,38
1593,OH-64608983,2024-05-05 14:57:43,2024-05-09 14:03:25,105,1000,Boarding,68,28
1594,AP-75753955,2024-05-15 05:32:33,2024-05-18 15:21:23,136,1000,Gate Change,53,42
1595,ET-35609647,2024-05-01 07:40:45,2024-05-07 19:44:06,51,1000,Delayed,77,22
1596,AG-43025024,2024-05-19 19:19:42,2024-05-01 07:52:26,153,1000,On Time,1,10
1597,DD-58045557,2024-04-26 11:44:43,2024-05-17 20:05:26,74,1000,Cancelled,31,33
1598,KN-56163542,2024-05-11 04:49:05,2024-04-24 04:55:25,109,1000,Boarding,42,50
1599,KO-06244697,2024-04-26 02:55:54,2024-05-09 02:57:49,163,1000,Landed,129,48
1600,KZ-48314691,2024-04-28 21:33:30,2024-05-03 06:48:09,199,1000,Boarding,4,17
1601,NF-65593095,2024-04-21 07:24:30,2024-05-04 04:24:53,196,1000,On Time,99,35
1602,KU-83847357,2024-05-15 09:43:27,2024-05-20 07:11:54,1,1000,Scheduled,35,31
1603,PV-67290455,2024-04-21 07:28:01,2024-04-23 18:11:13,120,1000,Departed,61,31
1604,AM-65036087,2024-05-20 08:51:28,2024-05-04 02:59:50,155,1000,Gate Change,68,27
1605,BR-85306567,2024-05-04 12:48:48,2024-05-05 08:36:55,97,1000,Gate Change,85,38
1606,DN-23363214,2024-04-21 02:31:40,2024-04-21 16:38:33,119,1000,In Air,135,44
1607,SU-86327377,2024-05-10 03:31:37,2024-04-28 04:06:18,79,1000,Diverted,86,9
1608,MD-06155813,2024-04-25 06:20:11,2024-05-09 21:55:51,132,1000,Boarding,146,4
1609,ZE-96248037,2024-04-25 19:50:33,2024-05-03 15:01:04,146,1000,Landed,160,8
1610,WB-60323216,2024-05-15 22:42:02,2024-04-22 07:49:26,74,1000,Diverted,159,5
1611,ME-38859824,2024-05-08 17:57:02,2024-05-09 00:15:00,38,1000,Arrived,6,16
1612,NY-19752152,2024-05-08 15:43:12,2024-05-16 07:13:22,126,1000,In Air,20,40
1613,BX-01733599,2024-05-19 16:45:58,2024-05-19 07:28:35,164,1000,Diverted,94,3
1614,JP-02497997,2024-05-13 19:34:09,2024-05-01 18:12:02,54,1000,Landed,134,35
1615,QJ-40599083,2024-05-19 09:15:13,2024-04-27 09:09:38,56,1000,Diverted,103,43
1616,QP-34923293,2024-05-07 22:01:14,2024-05-08 19:31:21,139,1000,On Time,92,39
1617,IA-68314072,2024-05-14 12:31:25,2024-05-20 12:44:13,113,1000,Landed,46,10
1618,YV-95793401,2024-04-21 20:28:50,2024-04-29 04:53:09,156,1000,In Air,135,44
1619,QN-87902098,2024-04-24 01:42:32,2024-05-10 12:14:38,92,1000,Scheduled,200,2
1620,SC-65258108,2024-05-01 03:44:01,2024-04-29 08:29:19,170,1000,In Air,199,42
1621,HW-88536417,2024-04-28 04:43:48,2024-05-15 17:56:46,82,1000,Departed,5,18
1622,BS-25414626,2024-05-20 06:32:30,2024-05-16 06:01:18,180,1000,On Time,27,38
1623,ZR-46139657,2024-05-09 23:13:43,2024-04-26 17:49:45,142,1000,Scheduled,166,31
1624,GX-06802385,2024-05-09 11:56:09,2024-05-19 10:57:43,136,1000,In Air,128,16
1625,VU-24255917,2024-04-28 02:14:23,2024-05-06 22:53:56,170,1000,On Time,131,22
1626,DN-35561785,2024-04-27 17:30:23,2024-04-26 02:17:04,138,1000,Departed,107,37
1627,OZ-00879313,2024-05-20 11:25:19,2024-05-18 10:50:52,95,1000,Delayed,146,19
1628,DY-01101104,2024-05-08 23:52:01,2024-05-04 14:08:16,188,1000,Diverted,103,33
1629,XQ-05681566,2024-05-20 23:30:38,2024-05-15 11:01:25,104,1000,Cancelled,42,38
1630,KV-72746840,2024-05-13 10:56:32,2024-05-06 21:35:17,49,1000,Diverted,96,7
1631,OC-11251174,2024-05-03 22:59:49,2024-05-19 18:49:07,180,1000,On Time,42,41
1632,NR-10489995,2024-05-03 04:38:48,2024-05-17 09:30:52,75,1000,Departed,155,45
1633,SL-22047809,2024-05-17 07:56:38,2024-04-21 14:40:57,160,1000,Delayed,128,13
1634,DR-46629835,2024-04-22 05:01:19,2024-05-06 20:40:45,55,1000,Landed,188,1
1635,RC-03924575,2024-05-19 03:53:00,2024-04-28 00:14:24,63,1000,On Time,103,44
1636,BY-26457509,2024-04-30 18:11:22,2024-05-20 15:07:36,32,1000,On Time,103,12
1637,KJ-04397976,2024-05-20 11:56:35,2024-05-12 21:49:13,21,1000,Departed,159,48
1638,II-46717358,2024-05-13 11:45:08,2024-05-19 17:00:25,133,1000,Departed,10,27
1639,XI-24450424,2024-05-15 04:45:32,2024-05-19 21:21:43,65,1000,Cancelled,84,28
1640,YG-55067261,2024-05-20 12:33:23,2024-05-20 13:26:37,114,1000,Maintenance,145,19
1641,GY-05499536,2024-05-18 20:21:55,2024-05-02 04:34:56,124,1000,Landed,174,42
1642,QQ-32473954,2024-05-03 23:06:02,2024-04-24 14:40:14,141,1000,Landed,70,16
1643,NN-86013332,2024-05-05 14:30:05,2024-05-16 21:13:31,3,1000,Departed,173,16
1644,PI-34266759,2024-05-02 16:48:56,2024-05-20 17:57:11,170,1000,Scheduled,75,36
1645,RW-31019013,2024-04-29 14:23:52,2024-05-05 08:13:34,45,1000,Cancelled,114,50
1646,VG-77094254,2024-05-18 19:52:46,2024-05-01 06:33:39,61,1000,Gate Change,128,47
1647,JV-03349806,2024-05-02 17:20:31,2024-04-23 22:31:06,161,1000,Arrived,11,16
1648,EB-04752035,2024-05-11 06:41:54,2024-05-07 03:31:48,142,1000,Gate Change,113,19
1649,CU-41379270,2024-05-11 10:19:41,2024-05-13 04:44:17,107,1000,Arrived,156,47
1650,CJ-62649376,2024-04-29 22:44:16,2024-04-30 14:10:10,9,1000,On Time,77,9
1651,TE-33480471,2024-05-10 04:03:32,2024-04-26 20:14:36,165,1000,Scheduled,159,41
1652,CZ-20117626,2024-04-30 12:07:58,2024-05-20 22:12:56,162,1000,Scheduled,13,26
1653,MQ-20126566,2024-04-22 21:10:36,2024-05-15 21:37:57,146,1000,Departed,70,37
1654,UI-89886242,2024-05-17 00:37:30,2024-04-25 01:52:06,195,1000,In Air,122,42
1655,GJ-79821358,2024-05-09 04:10:54,2024-04-30 10:44:50,66,1000,Arrived,54,34
1656,ZU-67673446,2024-05-02 01:09:22,2024-05-15 09:04:25,32,1000,Diverted,99,46
1657,AS-87782101,2024-04-27 05:13:53,2024-05-19 14:21:52,90,1000,Boarding,19,39
1658,EI-61722181,2024-04-30 12:50:52,2024-05-18 07:47:07,197,1000,In Air,94,45
1659,NL-39757949,2024-05-16 16:43:12,2024-05-19 03:08:59,123,1000,Arrived,55,47
1660,AW-65247975,2024-04-28 13:37:19,2024-05-18 11:24:10,124,1000,Maintenance,89,3
1661,RP-85642011,2024-04-21 13:27:30,2024-05-09 14:37:38,89,1000,Landed,121,5
1662,PN-31526954,2024-04-24 13:29:37,2024-05-20 15:13:25,168,1000,Landed,136,50
1663,PU-58581081,2024-05-02 13:36:50,2024-04-26 20:03:29,131,1000,Diverted,105,20
1664,JM-77168170,2024-04-28 22:18:37,2024-05-07 19:40:31,108,1000,Maintenance,47,29
1665,TX-47250441,2024-04-28 10:57:52,2024-04-28 05:54:35,14,1000,Cancelled,105,9
1666,JR-13143684,2024-04-28 20:47:29,2024-05-13 16:09:20,108,1000,In Air,155,48
1667,EV-64345994,2024-05-05 12:51:06,2024-05-03 06:37:58,108,1000,In Air,68,29
1668,VT-08894728,2024-05-18 19:06:55,2024-05-16 04:08:06,35,1000,On Time,71,28
1669,SF-24234712,2024-05-01 08:07:31,2024-05-13 04:39:03,99,1000,Maintenance,158,16
1670,NL-91821706,2024-05-02 19:44:03,2024-05-07 21:12:44,127,1000,Maintenance,67,32
1671,KA-74500820,2024-05-02 22:24:46,2024-05-01 09:56:34,130,1000,Maintenance,93,38
1672,NH-42488676,2024-04-22 14:21:04,2024-04-27 09:46:08,143,1000,Diverted,197,4
1673,OQ-97620282,2024-04-26 06:33:21,2024-05-18 17:35:52,49,1000,Boarding,42,39
1674,OO-34468200,2024-05-02 11:57:37,2024-05-03 07:30:32,103,1000,Delayed,29,29
1675,HW-48734700,2024-05-20 18:32:53,2024-05-07 15:29:37,151,1000,Cancelled,24,23
1676,PM-94268910,2024-05-16 23:09:00,2024-05-06 19:50:09,19,1000,In Air,57,34
1677,DL-46872224,2024-04-24 22:58:39,2024-04-24 07:30:42,73,1000,Boarding,175,26
1678,ZB-67729109,2024-04-24 10:49:10,2024-05-10 00:24:50,134,1000,On Time,27,2
1679,OO-85245317,2024-05-04 15:55:36,2024-05-10 15:38:26,151,1000,Maintenance,57,16
1680,ID-79966334,2024-04-21 18:29:03,2024-05-04 10:50:45,197,1000,Diverted,13,34
1681,TE-16086072,2024-05-09 03:36:41,2024-05-17 20:47:01,128,1000,Arrived,57,13
1682,FK-18024731,2024-04-22 06:55:53,2024-04-21 12:57:37,167,1000,In Air,134,49
1683,CH-42576848,2024-04-24 10:07:14,2024-05-12 20:04:41,121,1000,Boarding,52,16
1684,ZQ-87798266,2024-05-14 04:41:21,2024-05-20 12:25:25,26,1000,Scheduled,155,34
1685,ZN-80530908,2024-05-11 12:32:59,2024-04-26 11:04:49,86,1000,In Air,168,21
1686,QT-86925543,2024-05-18 11:36:45,2024-04-24 00:13:56,175,1000,Arrived,14,39
1687,CZ-01089858,2024-05-01 06:46:10,2024-05-10 09:21:04,110,1000,Cancelled,129,4
1688,WB-39387288,2024-04-24 19:09:57,2024-05-05 21:39:01,69,1000,Arrived,96,19
1689,YN-26024771,2024-04-24 18:51:29,2024-05-16 22:59:21,174,1000,Delayed,56,42
1690,CB-21475786,2024-05-20 13:17:33,2024-05-20 08:06:48,169,1000,Arrived,129,21
1691,ZL-03402229,2024-04-27 17:03:34,2024-05-15 19:06:15,131,1000,Arrived,147,23
1692,XW-86639390,2024-05-01 15:44:05,2024-05-10 07:25:46,2,1000,Departed,89,38
1693,HF-28090433,2024-05-20 03:04:28,2024-05-06 15:09:55,11,1000,Departed,126,37
1694,YP-78123619,2024-05-07 06:30:36,2024-05-09 02:09:02,60,1000,Scheduled,96,50
1695,GJ-94790824,2024-04-29 12:13:59,2024-05-04 01:34:21,92,1000,On Time,54,13
1696,SG-68760171,2024-04-27 07:50:54,2024-05-09 17:13:02,166,1000,Departed,118,45
1697,JC-44017150,2024-05-16 16:02:20,2024-04-26 22:58:15,195,1000,Maintenance,90,34
1698,BU-06110161,2024-05-07 20:00:06,2024-04-26 02:08:48,23,1000,On Time,111,1
1699,GH-14337077,2024-05-17 19:01:29,2024-05-09 18:03:56,64,1000,Maintenance,100,40
1700,RQ-72244162,2024-05-19 00:25:47,2024-05-12 10:29:22,116,1000,Scheduled,92,45
1701,QY-43118031,2024-05-03 09:20:09,2024-05-16 15:42:53,38,1000,Diverted,118,27
1702,AX-90389121,2024-05-11 16:05:39,2024-05-03 06:06:46,43,1000,Landed,8,5
1703,OQ-02614042,2024-04-23 10:19:20,2024-05-02 11:29:37,115,1000,Boarding,140,21
1704,CF-47372374,2024-05-07 04:55:09,2024-04-25 13:50:09,166,1000,Arrived,67,40
1705,PT-01515075,2024-05-08 00:22:45,2024-05-16 18:23:16,89,1000,Diverted,73,45
1706,GM-39877132,2024-04-29 17:17:20,2024-05-04 20:53:28,194,1000,Landed,114,28
1707,NB-93423682,2024-04-26 23:21:22,2024-04-30 08:21:12,73,1000,Landed,142,36
1708,RC-75471236,2024-05-06 07:01:06,2024-04-27 12:32:15,60,1000,Departed,21,45
1709,OG-03663522,2024-05-05 20:19:22,2024-04-23 16:33:54,194,1000,Gate Change,70,26
1710,PT-91519470,2024-04-23 01:52:12,2024-04-29 17:16:17,96,1000,Maintenance,30,48
1711,LI-26401334,2024-04-25 19:15:19,2024-05-04 17:38:00,107,1000,Landed,15,17
1712,GA-92206892,2024-04-27 09:42:01,2024-04-21 04:34:26,6,1000,Delayed,184,6
1713,MI-70531462,2024-05-11 22:48:59,2024-05-03 05:31:53,173,1000,On Time,86,13
1714,ER-28316549,2024-05-13 12:40:55,2024-05-02 05:42:12,168,1000,Cancelled,53,38
1715,HO-50292634,2024-05-14 14:08:26,2024-05-16 15:33:20,192,1000,Departed,98,17
1716,BF-09635044,2024-05-19 08:38:24,2024-05-08 11:11:59,121,1000,In Air,84,23
1717,CI-23549803,2024-04-25 05:59:19,2024-04-21 07:01:11,193,1000,In Air,17,41
1718,PD-72727987,2024-05-08 07:06:13,2024-05-02 00:09:28,152,1000,Delayed,136,10
1719,BZ-12265925,2024-04-26 13:24:20,2024-05-04 08:16:07,80,1000,Maintenance,16,17
1720,PI-46750040,2024-05-13 07:35:55,2024-05-02 10:40:23,194,1000,Landed,121,27
1721,ID-39682655,2024-05-18 21:20:56,2024-05-11 05:55:54,65,1000,Delayed,197,11
1722,CQ-13868978,2024-05-01 08:56:56,2024-05-19 10:11:44,45,1000,Arrived,31,35
1723,BM-55471884,2024-05-09 13:18:43,2024-05-18 00:11:29,146,1000,Boarding,38,32
1724,ZO-85140334,2024-04-22 22:38:07,2024-05-18 12:06:10,108,1000,Cancelled,148,30
1725,YF-94575880,2024-05-17 18:04:21,2024-04-21 07:20:06,116,1000,Arrived,91,24
1726,LH-30235648,2024-05-18 16:01:37,2024-04-25 17:38:13,195,1000,In Air,56,38
1727,RC-79591912,2024-04-25 02:09:05,2024-05-05 22:55:22,87,1000,Cancelled,152,41
1728,GK-23755810,2024-05-17 01:19:18,2024-05-11 07:05:34,126,1000,On Time,63,43
1729,RV-89134312,2024-05-03 00:46:08,2024-05-03 09:44:02,126,1000,On Time,16,49
1730,MP-91342238,2024-05-16 07:21:53,2024-05-18 16:14:58,73,1000,Landed,81,29
1731,NO-16351708,2024-04-24 13:14:15,2024-05-10 16:52:42,146,1000,Diverted,153,3
1732,QZ-57920014,2024-05-08 10:32:55,2024-05-16 04:30:39,163,1000,Arrived,191,19
1733,ZG-22358989,2024-04-28 03:24:06,2024-05-15 04:36:55,175,1000,In Air,165,26
1734,WV-88032136,2024-04-23 21:37:17,2024-05-10 05:34:35,182,1000,Arrived,161,42
1735,HH-57036048,2024-05-10 23:33:41,2024-05-09 02:25:00,160,1000,Diverted,112,1
1736,QR-49751720,2024-05-16 18:02:53,2024-05-10 00:33:15,29,1000,Cancelled,129,35
1737,AV-46401241,2024-04-24 04:00:13,2024-05-02 19:59:02,41,1000,Delayed,121,26
1738,HO-52827341,2024-04-26 21:34:38,2024-05-15 09:10:17,86,1000,Maintenance,124,19
1739,JH-68994215,2024-04-26 02:28:02,2024-05-16 15:27:36,164,1000,Landed,75,49
1740,XM-48949266,2024-04-27 00:52:55,2024-05-03 02:15:47,196,1000,Diverted,100,2
1741,ZN-62074661,2024-05-02 03:20:47,2024-05-16 17:55:10,32,1000,Landed,185,42
1742,OG-21145006,2024-04-25 04:12:45,2024-04-23 00:48:07,4,1000,Scheduled,57,15
1743,JE-65668172,2024-04-21 14:11:09,2024-05-05 15:25:02,176,1000,Maintenance,70,49
1744,PE-92241419,2024-05-09 05:40:49,2024-05-13 08:58:52,192,1000,Landed,32,9
1745,VG-32470784,2024-05-09 18:12:19,2024-05-05 05:08:10,191,1000,Maintenance,140,19
1746,SY-70522140,2024-04-26 22:57:33,2024-05-01 09:43:43,154,1000,Delayed,85,31
1747,PA-44072152,2024-05-13 10:22:04,2024-04-29 03:45:38,183,1000,Boarding,104,13
1748,UW-99455384,2024-05-03 21:17:47,2024-05-15 02:13:09,14,1000,Arrived,97,41
1749,PW-20285298,2024-05-18 06:54:21,2024-04-28 20:15:30,81,1000,Boarding,58,28
1750,QI-59885702,2024-04-21 10:59:31,2024-05-01 21:32:50,199,1000,In Air,102,29
1751,ZI-68901609,2024-05-10 17:44:03,2024-05-18 03:34:17,134,1000,Arrived,131,7
1752,WV-00368193,2024-04-28 20:43:28,2024-05-10 22:02:30,95,1000,Gate Change,171,14
1753,BY-29169208,2024-04-30 02:29:51,2024-05-08 09:38:30,159,1000,Delayed,118,15
1754,AU-64031466,2024-05-12 03:20:24,2024-04-23 21:01:54,47,1000,Delayed,199,44
1755,JW-90156549,2024-05-18 00:18:13,2024-05-16 05:17:38,7,1000,Gate Change,23,24
1756,QH-09968777,2024-05-18 19:54:50,2024-05-08 10:54:17,176,1000,Gate Change,102,23
1757,PL-34857181,2024-05-15 20:44:44,2024-05-12 19:58:43,41,1000,Gate Change,170,36
1758,PK-55754928,2024-05-11 18:17:41,2024-05-02 17:44:37,171,1000,Cancelled,35,16
1759,KE-12731166,2024-05-07 17:45:12,2024-05-18 03:33:30,171,1000,Maintenance,82,14
1760,QQ-04920937,2024-05-15 10:33:36,2024-05-08 21:42:54,88,1000,On Time,93,19
1761,HL-30403302,2024-05-16 15:48:11,2024-05-18 18:46:24,135,1000,Delayed,174,13
1762,BY-69172444,2024-05-09 05:36:16,2024-05-13 08:08:27,161,1000,Cancelled,8,35
1763,KR-56306724,2024-04-27 06:49:44,2024-04-30 13:27:27,52,1000,In Air,3,29
1764,SI-09202393,2024-05-16 13:33:44,2024-05-20 16:02:02,57,1000,Cancelled,41,27
1765,PR-12370531,2024-04-28 15:15:45,2024-05-05 13:10:52,172,1000,Departed,143,15
1766,VP-38216946,2024-05-11 07:27:09,2024-05-15 13:31:05,83,1000,Maintenance,49,18
1767,ZM-01089882,2024-04-23 10:36:42,2024-05-12 02:16:11,52,1000,Boarding,39,4
1768,WI-25995803,2024-04-28 01:45:11,2024-04-23 09:30:58,59,1000,Departed,125,46
1769,VS-88523693,2024-04-27 02:11:03,2024-05-06 12:00:49,109,1000,In Air,155,2
1770,MG-10557484,2024-05-12 14:27:34,2024-05-20 09:47:30,188,1000,Arrived,55,10
1771,JZ-80716384,2024-04-22 03:51:39,2024-05-10 06:15:04,70,1000,In Air,8,16
1772,WP-30750610,2024-05-16 15:53:14,2024-05-09 01:30:29,179,1000,Delayed,146,24
1773,VX-84212266,2024-04-21 11:21:57,2024-05-01 20:55:02,137,1000,Diverted,152,18
1774,DO-75707204,2024-05-15 16:55:45,2024-05-07 09:35:33,116,1000,In Air,141,25
1775,PM-49143927,2024-05-02 18:44:48,2024-04-21 03:51:16,85,1000,Cancelled,20,35
1776,PL-38470006,2024-05-07 02:16:09,2024-04-25 21:58:36,136,1000,In Air,87,18
1777,GR-39573359,2024-05-06 08:57:18,2024-05-06 01:31:21,147,1000,Maintenance,67,42
1778,YZ-10945256,2024-04-25 19:22:56,2024-05-15 13:46:45,17,1000,Diverted,161,3
1779,TV-89704163,2024-05-04 18:57:19,2024-05-02 16:44:37,57,1000,Diverted,157,41
1780,TU-14939533,2024-05-04 03:51:51,2024-05-14 19:21:42,170,1000,In Air,185,1
1781,OP-32789690,2024-05-16 09:54:29,2024-05-19 01:16:04,175,1000,Cancelled,60,5
1782,WA-63695296,2024-05-20 16:33:48,2024-05-06 21:32:38,93,1000,Gate Change,98,28
1783,YW-22825954,2024-05-19 05:04:34,2024-05-10 16:08:31,43,1000,Boarding,8,50
1784,UB-78873967,2024-05-01 10:25:51,2024-04-26 10:38:51,84,1000,Scheduled,76,35
1785,IT-06493578,2024-05-18 02:43:05,2024-05-12 13:36:13,109,1000,Cancelled,34,50
1786,KZ-41334732,2024-04-29 22:43:45,2024-05-14 13:33:22,184,1000,In Air,115,23
1787,XI-05459797,2024-05-12 08:36:46,2024-05-02 14:45:05,158,1000,Boarding,83,6
1788,KU-73807798,2024-05-06 00:31:33,2024-05-03 03:51:12,91,1000,Scheduled,75,11
1789,FV-84522651,2024-04-25 07:07:34,2024-05-06 03:41:28,179,1000,On Time,159,34
1790,VI-69955135,2024-04-22 11:55:18,2024-05-11 12:40:33,118,1000,Arrived,166,23
1791,AF-44133262,2024-04-25 00:41:44,2024-05-06 03:12:53,175,1000,Gate Change,42,2
1792,NJ-16647055,2024-04-30 23:46:37,2024-04-21 14:48:47,60,1000,Diverted,111,5
1793,VK-43467213,2024-04-26 23:43:52,2024-04-29 18:21:31,130,1000,Scheduled,16,17
1794,IP-33051279,2024-05-08 17:12:41,2024-04-22 23:11:47,119,1000,Boarding,20,15
1795,EF-72590473,2024-05-04 04:09:28,2024-04-30 04:56:13,2,1000,Maintenance,164,7
1796,PC-91264429,2024-05-03 01:30:27,2024-04-27 12:52:15,152,1000,In Air,188,48
1797,PS-11971701,2024-04-29 00:02:43,2024-05-18 14:09:19,126,1000,On Time,15,48
1798,BJ-79526508,2024-05-16 12:19:05,2024-05-02 01:34:15,25,1000,In Air,49,5
1799,YY-61452830,2024-05-09 22:27:17,2024-05-01 23:48:57,135,1000,Maintenance,188,24
1800,AS-20675612,2024-05-14 20:54:24,2024-04-21 19:57:33,21,1000,Scheduled,134,11
1801,CQ-52069936,2024-05-01 21:04:50,2024-04-23 21:02:09,114,1000,Scheduled,168,5
1802,JI-43817954,2024-05-19 08:18:25,2024-04-21 14:13:59,89,1000,Scheduled,130,4
1803,FI-89975620,2024-05-06 19:38:43,2024-05-16 20:49:13,56,1000,Arrived,127,18
1804,TF-40023734,2024-05-14 21:03:52,2024-04-23 01:20:41,22,1000,On Time,106,19
1805,IS-81490060,2024-05-08 21:35:39,2024-05-02 19:17:48,195,1000,On Time,125,9
1806,SD-81639370,2024-05-02 14:05:43,2024-04-21 09:45:58,33,1000,Delayed,2,39
1807,AU-50279483,2024-05-13 01:29:50,2024-04-25 18:58:39,58,1000,Delayed,174,31
1808,JI-02072085,2024-04-23 15:17:35,2024-05-20 00:02:07,115,1000,Boarding,60,9
1809,CB-78543294,2024-05-14 18:13:44,2024-05-05 10:25:46,53,1000,In Air,113,11
1810,KO-37230787,2024-04-24 03:39:51,2024-04-27 00:12:04,192,1000,Diverted,55,42
1811,JK-09273673,2024-05-09 14:39:28,2024-05-01 15:19:52,105,1000,In Air,43,21
1812,OG-97140942,2024-05-06 01:10:54,2024-04-26 13:47:04,191,1000,Maintenance,36,11
1813,EN-20196832,2024-05-17 10:37:17,2024-05-17 19:34:03,26,1000,Departed,170,4
1814,KZ-48213209,2024-05-14 03:00:11,2024-05-06 09:26:48,61,1000,Scheduled,16,8
1815,OS-64501381,2024-04-26 00:06:33,2024-05-15 21:09:09,66,1000,Boarding,196,44
1816,DC-29562298,2024-05-18 18:56:54,2024-05-01 19:09:17,136,1000,Arrived,170,39
1817,HM-41810375,2024-05-13 06:48:48,2024-05-07 02:45:12,18,1000,Departed,61,28
1818,GM-74061657,2024-04-22 08:48:24,2024-04-25 14:32:42,35,1000,In Air,42,6
1819,NV-19177578,2024-05-08 03:04:05,2024-05-10 05:08:14,111,1000,Gate Change,17,3
1820,CH-31611814,2024-04-30 16:38:37,2024-05-03 01:06:09,146,1000,Departed,27,50
1821,KT-32771393,2024-05-01 01:46:23,2024-05-06 02:05:56,93,1000,Boarding,91,30
1822,DI-38038728,2024-05-11 19:13:55,2024-05-19 08:30:13,98,1000,Arrived,151,44
1823,HF-34069530,2024-05-14 02:23:00,2024-05-17 00:35:09,24,1000,Delayed,107,22
1824,TY-16085659,2024-05-05 12:32:09,2024-04-30 23:16:56,108,1000,On Time,96,8
1825,PF-61917714,2024-05-07 16:57:12,2024-04-30 16:59:15,173,1000,Maintenance,44,46
1826,UV-71247023,2024-05-01 14:44:46,2024-05-06 15:28:11,178,1000,Maintenance,20,11
1827,UC-97392345,2024-05-14 13:42:00,2024-05-02 19:26:05,77,1000,In Air,56,43
1828,CR-61582876,2024-05-04 16:18:58,2024-04-21 13:11:53,69,1000,Boarding,67,29
1829,MA-00854463,2024-05-01 02:57:34,2024-04-21 10:37:45,198,1000,On Time,157,10
1830,VJ-34406199,2024-05-06 04:25:05,2024-05-17 08:18:09,17,1000,Landed,1,24
1831,II-06087516,2024-05-16 06:54:47,2024-05-01 08:38:36,13,1000,Departed,133,8
1832,ZT-54749295,2024-04-22 11:30:59,2024-05-07 12:10:12,53,1000,Arrived,103,1
1833,UV-36786015,2024-04-30 01:46:19,2024-05-15 23:53:13,106,1000,Maintenance,60,38
1834,UA-03733649,2024-04-22 16:54:37,2024-05-18 03:42:04,149,1000,Cancelled,143,4
1835,YJ-51557630,2024-05-09 04:03:04,2024-05-13 20:07:13,25,1000,Delayed,34,17
1836,AN-21459598,2024-04-27 21:41:58,2024-05-04 07:35:58,40,1000,Departed,153,16
1837,SH-80264001,2024-04-22 12:51:16,2024-04-28 13:22:28,56,1000,Scheduled,48,45
1838,MV-75215214,2024-05-16 03:50:24,2024-05-13 16:45:02,72,1000,Arrived,98,13
1839,ZH-84275633,2024-04-23 13:54:16,2024-04-21 10:56:00,14,1000,In Air,8,27
1840,TF-71962439,2024-04-29 12:56:01,2024-05-18 03:54:26,105,1000,Landed,137,33
1841,YG-98204275,2024-04-28 12:46:18,2024-04-29 17:13:44,92,1000,Departed,167,28
1842,AA-65100924,2024-04-25 04:31:50,2024-05-12 20:56:17,58,1000,Gate Change,110,31
1843,SS-14920692,2024-05-02 00:20:36,2024-05-14 09:57:06,95,1000,Cancelled,87,16
1844,KN-40339315,2024-05-05 08:24:31,2024-05-07 20:52:42,149,1000,Maintenance,57,44
1845,SI-98991799,2024-05-07 04:29:29,2024-04-27 03:38:50,115,1000,Maintenance,6,43
1846,MF-55548288,2024-04-26 21:36:00,2024-05-18 01:22:38,197,1000,Departed,121,34
1847,OM-25153933,2024-05-09 11:25:15,2024-05-15 14:02:49,28,1000,On Time,133,40
1848,TW-65698570,2024-05-08 07:17:14,2024-05-13 23:28:47,44,1000,In Air,108,27
1849,PR-77404655,2024-05-09 15:05:12,2024-05-12 12:59:48,141,1000,Gate Change,96,28
1850,FI-32467431,2024-05-10 06:59:46,2024-05-16 14:25:45,25,1000,Delayed,145,9
1851,UE-66157510,2024-04-24 23:07:44,2024-04-27 09:13:18,95,1000,In Air,104,36
1852,AX-20898137,2024-04-26 03:02:26,2024-05-19 21:43:29,111,1000,In Air,159,11
1853,IM-52456119,2024-05-07 09:55:53,2024-04-26 05:47:58,10,1000,Landed,43,2
1854,KG-22041773,2024-04-26 23:36:49,2024-05-18 19:56:07,19,1000,Boarding,117,15
1855,TE-22729625,2024-05-01 16:24:14,2024-05-09 01:01:32,55,1000,Arrived,199,16
1856,CH-41790143,2024-05-09 10:03:26,2024-05-08 17:52:51,23,1000,Diverted,99,40
1857,LO-95860721,2024-05-09 17:23:03,2024-04-26 11:47:45,8,1000,Cancelled,115,34
1858,UA-98943615,2024-05-20 06:49:02,2024-05-11 15:37:33,55,1000,On Time,167,22
1859,ES-05550845,2024-05-07 21:05:01,2024-05-05 03:20:42,120,1000,In Air,125,7
1860,YR-98462636,2024-04-24 12:59:07,2024-04-21 18:52:51,146,1000,On Time,47,42
1861,JI-16444225,2024-05-11 03:11:28,2024-05-04 18:10:08,144,1000,Gate Change,140,17
1862,VV-11671812,2024-04-27 19:17:15,2024-04-26 04:02:39,102,1000,Landed,145,18
1863,NH-69364290,2024-05-18 09:12:12,2024-05-07 10:41:49,135,1000,Arrived,35,4
1864,SA-47857459,2024-05-11 13:52:17,2024-05-06 18:18:39,135,1000,On Time,33,42
1865,WC-21743657,2024-05-14 08:09:19,2024-04-28 19:27:24,118,1000,Boarding,71,7
1866,MO-68078426,2024-05-12 16:01:02,2024-05-08 22:06:07,10,1000,Delayed,52,12
1867,RC-72254213,2024-04-26 11:55:41,2024-05-04 16:03:22,3,1000,Landed,40,30
1868,ZS-49034142,2024-05-08 01:22:52,2024-05-03 21:45:15,79,1000,Arrived,159,27
1869,FT-80829869,2024-05-03 06:28:57,2024-04-24 18:24:46,45,1000,Scheduled,156,9
1870,PH-03515223,2024-05-15 00:25:33,2024-04-30 18:32:36,195,1000,Scheduled,72,36
1871,LD-27305140,2024-04-29 05:17:31,2024-05-16 17:33:01,128,1000,Delayed,182,17
1872,GQ-45492057,2024-05-19 12:16:08,2024-04-26 10:00:23,94,1000,Diverted,121,47
1873,DH-72875190,2024-05-17 06:54:32,2024-05-07 22:11:38,170,1000,Departed,104,36
1874,YG-57812928,2024-05-12 10:44:05,2024-04-26 09:57:27,59,1000,Cancelled,107,50
1875,JF-34517691,2024-04-22 07:20:41,2024-05-07 01:05:34,67,1000,Departed,190,49
1876,PU-95322443,2024-05-06 04:43:12,2024-05-08 18:13:18,112,1000,On Time,40,49
1877,XR-70285384,2024-05-15 18:21:19,2024-05-01 09:09:49,129,1000,On Time,94,35
1878,IX-21848889,2024-05-16 08:41:55,2024-05-16 23:46:38,64,1000,Diverted,42,26
1879,PI-45918629,2024-05-02 18:43:50,2024-04-28 12:53:42,190,1000,Scheduled,65,9
1880,KO-26230733,2024-04-30 15:44:26,2024-04-30 15:10:51,103,1000,Scheduled,119,28
1881,DS-42277477,2024-04-21 20:11:43,2024-04-23 16:39:01,3,1000,Delayed,148,24
1882,BN-86998355,2024-05-09 18:34:15,2024-05-05 15:09:02,127,1000,Boarding,164,49
1883,LL-60281118,2024-05-11 06:08:19,2024-05-17 23:57:23,13,1000,Gate Change,131,35
1884,GD-46902671,2024-05-03 04:34:42,2024-05-16 19:50:18,62,1000,Diverted,102,8
1885,HU-35551097,2024-04-22 04:00:29,2024-05-04 10:14:29,143,1000,Departed,96,7
1886,DQ-32939645,2024-04-28 03:59:41,2024-05-20 21:13:58,129,1000,Scheduled,64,30
1887,LE-92789004,2024-05-17 01:32:33,2024-05-14 04:31:43,102,1000,Scheduled,136,41
1888,UR-34446535,2024-04-28 10:59:13,2024-05-16 13:35:20,121,1000,Delayed,188,35
1889,ZU-98527480,2024-05-08 17:25:32,2024-04-27 03:29:45,104,1000,Cancelled,136,2
1890,NV-04044329,2024-05-08 10:01:57,2024-05-05 03:19:02,4,1000,Maintenance,163,18
1891,ET-59008425,2024-04-28 18:41:49,2024-05-04 20:41:44,78,1000,In Air,174,45
1892,BW-88565577,2024-05-04 12:31:46,2024-04-25 06:05:46,94,1000,Delayed,133,48
1893,FI-97629104,2024-05-05 01:33:11,2024-05-17 06:16:18,7,1000,Arrived,32,5
1894,TM-22830123,2024-04-25 17:32:37,2024-05-15 04:42:35,164,1000,Cancelled,165,27
1895,MT-03746894,2024-04-27 19:50:36,2024-05-04 01:04:08,139,1000,Landed,108,32
1896,JT-99581184,2024-05-17 12:14:03,2024-04-21 11:46:20,185,1000,Arrived,29,15
1897,PZ-55983596,2024-04-23 04:26:49,2024-05-15 01:46:55,25,1000,Boarding,111,46
1898,NF-17643298,2024-05-01 07:39:32,2024-05-03 22:41:06,200,1000,In Air,119,21
1899,KS-23114641,2024-05-03 03:00:05,2024-04-24 14:49:42,176,1000,Cancelled,87,45
1900,VP-11478208,2024-05-18 06:27:02,2024-05-10 18:32:56,103,1000,Diverted,128,11
1901,RH-50766518,2024-04-26 11:35:45,2024-04-30 11:55:48,200,1000,Diverted,1,29
1902,HT-82100189,2024-05-11 08:31:37,2024-05-14 15:44:07,133,1000,Arrived,138,50
1903,MO-44405289,2024-04-29 13:29:28,2024-05-05 06:58:12,54,1000,Gate Change,95,12
1904,ZJ-47820524,2024-04-22 09:03:12,2024-05-09 10:15:28,199,1000,Maintenance,81,33
1905,EK-22139850,2024-05-07 17:22:01,2024-04-28 22:39:57,95,1000,Arrived,199,8
1906,ES-01082974,2024-05-09 09:49:22,2024-05-01 05:18:02,18,1000,Departed,91,16
1907,YH-90972093,2024-05-11 01:47:23,2024-05-20 20:03:49,92,1000,In Air,196,19
1908,IV-13554122,2024-04-28 12:56:30,2024-05-17 17:26:01,176,1000,Scheduled,84,34
1909,IX-00362795,2024-05-04 22:11:20,2024-05-17 15:15:39,63,1000,Delayed,77,49
1910,SE-59554466,2024-04-28 16:56:14,2024-05-17 16:34:37,81,1000,In Air,39,17
1911,FA-64228833,2024-04-29 11:21:02,2024-04-24 06:23:49,37,1000,Maintenance,103,46
1912,VS-34981912,2024-05-14 03:48:23,2024-04-28 10:05:56,185,1000,Scheduled,93,47
1913,ZF-89286850,2024-05-06 14:40:56,2024-04-29 21:44:15,89,1000,Scheduled,190,30
1914,AR-55376143,2024-05-16 22:19:26,2024-05-01 09:06:17,196,1000,Departed,132,42
1915,MO-51273018,2024-05-09 06:12:09,2024-04-22 17:33:37,119,1000,Landed,180,9
1916,BB-47616759,2024-05-20 11:49:55,2024-05-15 08:52:35,151,1000,On Time,57,30
1917,IP-86015754,2024-04-29 17:10:16,2024-04-24 15:40:50,97,1000,In Air,189,7
1918,DV-75384005,2024-04-25 06:05:47,2024-05-10 19:40:38,192,1000,On Time,153,8
1919,YF-81582132,2024-05-14 10:31:34,2024-04-22 14:14:34,107,1000,Boarding,198,17
1920,LR-25336512,2024-05-02 19:37:27,2024-05-06 18:42:20,147,1000,Delayed,74,9
1921,ZD-96307500,2024-05-10 16:05:08,2024-05-07 22:08:46,7,1000,Arrived,105,1
1922,MX-46605993,2024-05-11 19:53:12,2024-05-01 14:15:44,50,1000,Maintenance,156,47
1923,ON-66432303,2024-04-24 19:41:49,2024-05-06 10:50:06,155,1000,Departed,175,14
1924,KH-02019217,2024-05-13 16:03:59,2024-05-17 01:58:53,13,1000,Arrived,14,37
1925,XM-90623374,2024-04-29 06:48:57,2024-05-17 19:45:26,70,1000,Arrived,77,30
1926,WP-59241011,2024-05-03 15:49:51,2024-05-09 01:44:58,130,1000,Boarding,160,18
1927,KE-53262817,2024-05-10 04:46:43,2024-04-22 10:33:38,186,1000,Diverted,117,37
1928,DR-10747649,2024-04-26 20:28:28,2024-05-12 20:42:49,153,1000,Gate Change,51,29
1929,EX-59359102,2024-05-09 11:25:50,2024-05-10 17:33:03,19,1000,Departed,132,10
1930,HN-38673865,2024-04-24 08:23:10,2024-05-02 02:01:28,137,1000,Gate Change,34,4
1931,YE-81138556,2024-05-13 23:42:18,2024-05-19 21:46:31,120,1000,Cancelled,57,41
1932,SH-97588812,2024-05-04 00:39:01,2024-04-25 19:46:20,25,1000,Gate Change,56,30
1933,RP-24054228,2024-05-16 15:22:11,2024-04-21 12:25:16,26,1000,Scheduled,83,20
1934,SY-22259046,2024-05-11 06:09:00,2024-05-15 22:27:46,144,1000,Scheduled,56,46
1935,EJ-15272004,2024-05-15 10:34:39,2024-04-28 01:40:53,130,1000,Diverted,50,13
1936,BW-08538505,2024-05-10 21:59:41,2024-05-18 11:30:04,55,1000,Scheduled,93,29
1937,HM-02584782,2024-04-26 00:17:05,2024-04-26 12:09:32,101,1000,In Air,175,23
1938,XM-01713514,2024-04-26 21:28:16,2024-05-18 07:20:22,15,1000,Delayed,171,35
1939,LN-84434144,2024-04-24 11:33:59,2024-05-20 05:29:38,83,1000,Arrived,198,16
1940,TW-64899177,2024-05-20 07:58:39,2024-04-24 05:11:07,54,1000,Boarding,34,48
1941,VM-92832731,2024-04-28 04:51:08,2024-04-24 06:24:11,75,1000,Diverted,75,35
1942,LH-90944712,2024-04-30 02:20:49,2024-04-26 02:13:51,92,1000,Arrived,165,32
1943,GR-56987625,2024-04-26 19:22:13,2024-05-16 20:27:32,182,1000,Diverted,175,41
1944,SK-01207505,2024-05-07 02:39:33,2024-05-02 11:56:11,2,1000,In Air,56,24
1945,PL-47900358,2024-05-18 11:35:31,2024-04-26 09:09:20,12,1000,Boarding,42,41
1946,KN-93281634,2024-05-12 07:26:31,2024-05-07 22:06:32,182,1000,Maintenance,4,14
1947,WI-68243474,2024-04-23 23:40:39,2024-04-26 16:54:07,126,1000,On Time,115,40
1948,WM-40984157,2024-04-23 12:16:04,2024-05-20 08:04:36,187,1000,Scheduled,23,21
1949,GI-13026863,2024-04-27 05:09:59,2024-04-28 19:49:18,114,1000,Cancelled,143,16
1950,WR-23479169,2024-04-21 14:36:49,2024-05-12 19:16:35,38,1000,Boarding,39,16
1951,IU-92181986,2024-05-09 23:19:03,2024-04-30 23:40:02,118,1000,Departed,81,40
1952,FW-70269002,2024-05-06 21:22:38,2024-04-21 06:32:23,187,1000,Departed,107,2
1953,ZC-12740356,2024-05-07 03:26:02,2024-05-11 07:03:27,173,1000,Delayed,148,37
1954,AN-33715987,2024-04-21 19:14:40,2024-04-26 03:56:45,178,1000,Gate Change,136,36
1955,BT-60317777,2024-04-22 17:35:48,2024-05-03 08:50:06,136,1000,Arrived,120,26
1956,VJ-96813005,2024-05-03 23:54:31,2024-04-29 11:32:50,126,1000,In Air,163,16
1957,CC-24808038,2024-04-25 16:39:40,2024-05-13 14:35:24,85,1000,Maintenance,187,1
1958,BG-88340063,2024-05-06 04:58:50,2024-04-30 14:43:13,80,1000,Arrived,88,47
1959,XI-91162320,2024-04-23 11:17:30,2024-05-10 04:25:34,193,1000,Cancelled,13,19
1960,JN-42452001,2024-05-09 01:36:58,2024-05-02 20:47:17,47,1000,Gate Change,109,35
1961,OW-28775085,2024-05-12 17:58:07,2024-05-11 14:30:20,197,1000,Scheduled,190,15
1962,TL-74721445,2024-05-20 03:41:59,2024-05-17 21:05:10,12,1000,Maintenance,39,48
1963,TD-11955077,2024-04-28 01:02:53,2024-04-30 19:52:25,166,1000,Landed,34,47
1964,XZ-12349765,2024-05-18 19:23:38,2024-04-25 10:59:55,23,1000,Maintenance,18,1
1965,OW-86322002,2024-04-23 06:46:34,2024-04-29 20:45:52,85,1000,On Time,54,16
1966,ML-19432543,2024-04-30 14:24:04,2024-04-23 05:56:37,99,1000,Arrived,156,19
1967,XO-53067362,2024-04-26 07:16:03,2024-04-29 19:10:40,59,1000,On Time,158,27
1968,UQ-26993189,2024-05-05 11:21:47,2024-05-02 18:47:41,144,1000,Gate Change,136,32
1969,FT-18270546,2024-05-09 20:40:26,2024-05-09 02:22:38,29,1000,Delayed,114,13
1970,ZH-48642453,2024-04-23 20:05:30,2024-05-04 08:18:23,64,1000,In Air,161,15
1971,RL-78222425,2024-05-03 22:31:07,2024-05-06 16:00:16,81,1000,Maintenance,24,17
1972,KK-03943044,2024-05-08 14:51:52,2024-04-27 12:32:26,158,1000,Boarding,40,5
1973,PT-98536258,2024-04-23 11:07:40,2024-04-22 04:21:27,155,1000,Cancelled,44,50
1974,KN-70001263,2024-04-25 17:12:45,2024-05-20 17:07:54,195,1000,In Air,91,28
1975,PW-21917763,2024-05-19 09:59:32,2024-05-04 07:01:48,60,1000,On Time,172,2
1976,MR-04192680,2024-05-09 17:54:28,2024-05-01 15:44:43,39,1000,On Time,27,3
1977,ZP-51895118,2024-05-09 22:54:55,2024-05-06 10:34:28,86,1000,Scheduled,117,6
1978,ZZ-09158226,2024-04-25 07:04:41,2024-05-02 01:47:19,79,1000,Delayed,115,47
1979,EN-62305176,2024-05-15 09:04:51,2024-05-13 18:28:58,15,1000,Cancelled,191,42
1980,SA-98406918,2024-05-06 23:39:36,2024-04-24 15:31:42,21,1000,In Air,95,10
1981,IV-94716117,2024-05-11 22:44:31,2024-05-15 07:52:52,121,1000,Arrived,8,9
1982,XR-00043500,2024-05-12 02:00:30,2024-05-15 02:42:29,86,1000,Maintenance,8,34
1983,WV-55179815,2024-05-04 20:46:22,2024-04-23 06:12:57,194,1000,Diverted,5,39
1984,JC-63620483,2024-04-28 19:48:38,2024-04-27 20:11:14,30,1000,In Air,109,26
1985,TY-32834077,2024-05-09 16:33:11,2024-05-08 03:03:40,101,1000,Diverted,56,15
1986,LN-14543579,2024-05-05 18:24:35,2024-05-06 07:46:44,182,1000,Scheduled,69,29
1987,AB-20945866,2024-05-18 19:33:43,2024-05-11 16:53:50,45,1000,Diverted,102,9
1988,WE-48233144,2024-05-19 22:28:01,2024-05-16 19:07:29,120,1000,Delayed,51,19
1989,AY-90069624,2024-04-23 14:30:13,2024-04-29 10:34:44,59,1000,Arrived,49,41
1990,TZ-58867811,2024-04-27 09:16:36,2024-05-02 07:47:14,85,1000,On Time,146,37
1991,JE-71398476,2024-05-05 19:18:10,2024-05-04 19:55:00,125,1000,Maintenance,99,48
1992,RM-82579396,2024-04-26 10:56:46,2024-05-18 13:50:34,4,1000,Maintenance,178,47
1993,FV-98619234,2024-04-30 12:44:21,2024-05-05 22:21:28,31,1000,Gate Change,116,6
1994,ZD-47275528,2024-05-05 02:39:11,2024-05-15 12:36:29,2,1000,Maintenance,33,7
1995,PQ-26300129,2024-05-18 21:17:06,2024-05-08 16:52:39,146,1000,On Time,163,7
1996,IO-70599654,2024-05-18 09:10:44,2024-05-14 22:59:00,68,1000,Gate Change,6,46
1997,QS-96419945,2024-04-21 06:03:57,2024-05-14 21:37:50,82,1000,Landed,197,42
1998,PQ-23318926,2024-05-05 19:53:57,2024-04-29 00:14:14,77,1000,Cancelled,181,35
1999,FQ-88864325,2024-05-17 22:50:51,2024-05-11 22:59:34,48,1000,Diverted,8,48
2000,OX-30015420,2024-04-22 08:29:06,2024-05-07 05:35:19,12,1000,Landed,138,19
